order_id,customer_name,email,product_category,item_name,quantity,unit_price,total_amount,payment_method,order_date,status
ORD-1001,Alice Smith,alice.smith@example.com,Electronics,Wireless Headphones,1,149.99,149.99,Credit Card,2024-01-15,Completed
ORD-1002,Bob Johnson,bob.j@example.org,Clothing,Denim Jacket,2,79.50,159.00,PayPal,2024-01-16,Completed
ORD-1003,Carol White,carol.w@example.com,Home & Kitchen,Espresso Machine,1,299.00,299.00,Credit Card,2024-01-17,Shipped
ORD-1004,David Brown,david.b@example.net,Books,Python Data Science Guide,3,35.00,105.00,Debit Card,2024-01-18,Completed
ORD-1005,Emma Davis,emma.davis@example.org,Electronics,Smart Watch,1,199.99,199.99,Credit Card,2024-01-19,Pending
ORD-1006,Frank Miller,frank.m@example.com,Sports,Running Shoes,1,120.00,120.00,PayPal,2024-01-20,Completed
ORD-1007,Grace Wilson,grace.w@example.net,Clothing,Cotton T-Shirt,4,22.00,88.00,Credit Card,2024-01-21,Completed
ORD-1008,Henry Taylor,henry.t@example.org,Home & Kitchen,Air Fryer,1,89.99,89.99,Debit Card,2024-01-22,Shipped
ORD-1009,Isla Anderson,isla.a@example.com,Beauty,Skincare Set,2,45.00,90.00,Credit Card,2024-01-23,Completed
ORD-1010,Jack Thomas,jack.t@example.net,Electronics,Bluetooth Speaker,1,65.00,65.00,PayPal,2024-01-24,Cancelled
ORD-1011,Karen Martinez,karen.m@example.org,Books,Machine Learning Handbook,1,49.99,49.99,Credit Card,2024-01-25,Completed
ORD-1012,Liam Harris,liam.h@example.com,Sports,Yoga Mat,2,28.50,57.00,Debit Card,2024-01-26,Completed
ORD-1013,Mia Clark,mia.c@example.net,Clothing,Winter Coat,1,185.00,185.00,Credit Card,2024-01-27,Shipped
ORD-1014,Noah Rodriguez,noah.r@example.org,Electronics,4K Monitor,1,349.99,349.99,PayPal,2024-01-28,Completed
ORD-1015,Olivia Lewis,olivia.l@example.com,Home & Kitchen,Blender Set,1,75.00,75.00,Credit Card,2024-01-29,Completed
ORD-1016,Paul Lee,paul.l@example.net,Sports,Dumbbell Set,1,110.00,110.00,Debit Card,2024-01-30,Completed
ORD-1017,Quinn Walker,quinn.w@example.org,Beauty,Organic Shampoo,3,15.50,46.50,Credit Card,2024-01-31,Shipped
ORD-1018,Rachel Hall,rachel.h@example.com,Electronics,Gaming Mouse,1,59.99,59.99,PayPal,2024-02-01,Completed
ORD-1019,Samuel Allen,samuel.a@example.net,Books,Algorithms Unlocked,2,38.00,76.00,Credit Card,2024-02-02,Completed
ORD-1020,Sophia Young,sophia.y@example.org,Clothing,Leather Belt,1,32.00,32.00,Debit Card,2024-02-03,Completed
ORD-1021,Thomas King,thomas.k@example.com,Electronics,Mechanical Keyboard,1,129.99,129.99,Credit Card,2024-02-04,Shipped
ORD-1022,Una Wright,una.w@example.net,Home & Kitchen,Coffee Grinder,1,45.00,45.00,PayPal,2024-02-05,Completed
ORD-1023,Victor Scott,victor.s@example.org,Sports,Hiking Backpack,1,95.00,95.00,Credit Card,2024-02-06,Completed
ORD-1024,Wendy Green,wendy.g@example.com,Beauty,Face Moisturizer,2,24.00,48.00,Debit Card,2024-02-07,Completed
ORD-1025,Xavier Adams,xavier.a@example.net,Electronics,USB-C Hub,1,39.99,39.99,Credit Card,2024-02-08,Shipped
ORD-1026,Yara Baker,yara.b@example.org,Books,Clean Code Practices,1,42.50,42.50,PayPal,2024-02-09,Completed
ORD-1027,Zack Nelson,zack.n@example.com,Clothing,Wool Sweater,1,85.00,85.00,Credit Card,2024-02-10,Completed
ORD-1028,Abigail Carter,abigail.c@example.net,Electronics,Wireless Charger,2,25.00,50.00,Debit Card,2024-02-11,Completed
ORD-1029,Benjamin Mitchell,benjamin.m@example.org,Home & Kitchen,Cookware Set,1,210.00,210.00,Credit Card,2024-02-12,Shipped
ORD-1030,Chloe Perez,chloe.p@example.com,Sports,Fitness Tracker,1,89.00,89.00,PayPal,2024-02-13,Completed
ORD-1031,Daniel Roberts,daniel.r@example.net,Electronics,Tablet Stand,1,29.99,29.99,Credit Card,2024-02-14,Completed
ORD-1032,Ella Turner,ella.t@example.org,Beauty,Perfume Spray,1,78.00,78.00,Debit Card,2024-02-15,Completed
ORD-1033,Finn Phillips,finn.p@example.com,Books,System Design Primer,2,36.00,72.00,Credit Card,2024-02-16,Shipped
ORD-1034,Georgia Campbell,georgia.c@example.net,Clothing,Rain Jacket,1,115.00,115.00,PayPal,2024-02-17,Completed
ORD-1035,Harrison Parker,harrison.p@example.org,Electronics,Noise Canceling Earbuds,1,159.99,159.99,Credit Card,2024-02-18,Completed
ORD-1036,Ivy Evans,ivy.e@example.com,Home & Kitchen,Electric Kettle,1,39.50,39.50,Debit Card,2024-02-19,Completed
ORD-1037,Jack Edwards,jack.ed@example.net,Sports,Tennis Racket,1,135.00,135.00,Credit Card,2024-02-20,Shipped
ORD-1038,Kira Collins,kira.c@example.org,Beauty,Sunscreen Lotion,3,18.00,54.00,PayPal,2024-02-21,Completed
ORD-1039,Leo Stewart,leo.s@example.com,Electronics,Portable Power Bank,1,45.00,45.00,Credit Card,2024-02-22,Completed
ORD-1040,Maya Sanchez,maya.s@example.net,Books,Deep Learning Notes,1,55.00,55.00,Debit Card,2024-02-23,Completed
