customer_id,tag_id,applied_on
10000,509,2024-10-26
10000,502,2025-07-09
10000,506,2025-05-05
10001,501,2024-08-17
10001,506,2025-07-14
10001,502,2025-08-17
10001,508,2025-03-23
10002,501,2025-04-27
10002,503,2025-03-06
10003,503,2025-08-28
10005,506,2024-10-12
10005,503,2025-03-27
10005,502,2025-08-12
10005,501,2025-06-19
10006,508,2025-05-31
10006,502,2025-08-27
10006,506,2025-07-22
10008,505,2025-05-17
10008,506,2025-04-28
10009,506,2024-11-17
10009,508,2025-03-29
10009,507,2024-08-28
10009,502,2025-04-07
10009,503,2025-01-17
10012,507,2024-08-12
10013,508,2025-08-13
10014,502,2025-01-04
10014,501,2024-11-17
10015,508,2025-01-30
10016,502,2025-07-19
10016,506,2025-06-29
10016,508,2025-08-05
10016,503,2025-04-05
10016,507,2024-09-17
10016,501,2025-02-05
10016,509,2025-04-25
10017,502,2025-04-15
10017,500,2025-05-22
10018,502,2025-04-05
10018,501,2025-03-18
10018,506,2024-09-03
10018,508,2025-07-17
10018,504,2024-11-21
10018,500,2024-11-02
10019,508,2025-08-07
10020,503,2025-04-08
10020,501,2025-03-30
10020,509,2025-02-28
10020,508,2025-04-05
10020,506,2025-03-17
10020,504,2024-12-30
10021,507,2025-06-12
10021,502,2024-08-15
10022,506,2024-09-09
10022,509,2024-09-21
10022,502,2024-12-17
10023,505,2024-11-04
10023,509,2024-12-20
10024,502,2024-08-27
10024,506,2025-06-21
10025,508,2024-07-29
10025,506,2024-11-10
10025,502,2025-01-15
10025,503,2025-03-01
10025,509,2025-02-14
10026,506,2024-08-16
10026,509,2025-02-23
10026,504,2025-05-08
10026,502,2025-01-08
10027,506,2024-10-01
10027,505,2025-02-17
10028,503,2024-10-22
10028,506,2025-05-30
10028,502,2025-08-07
10029,505,2024-12-13
10030,508,2025-01-29
10031,509,2025-05-30
10031,503,2024-10-12
10031,508,2024-11-26
10032,507,2025-02-28
10032,501,2025-05-29
10032,502,2024-10-06
10034,502,2025-08-18
10034,509,2025-02-06
10034,506,2025-09-01
10037,502,2024-09-12
10040,509,2025-06-30
10041,506,2025-03-06
10041,504,2024-10-25
10041,500,2025-05-14
10042,507,2025-05-31
10042,501,2025-08-17
10042,506,2024-11-26
10042,502,2025-04-22
10044,506,2025-07-26
10045,508,2024-11-11
10045,509,2024-12-06
10046,500,2025-09-01
10046,508,2025-06-06
10047,509,2025-01-16
10047,503,2025-02-28
10048,503,2025-04-02
10048,508,2024-10-22
10048,509,2024-08-09
10048,506,2025-04-26
10050,509,2025-02-25
10050,506,2024-11-11
10050,508,2025-02-20
10050,501,2024-08-27
10051,503,2025-06-05
10052,500,2024-10-30
10053,501,2025-07-26
10053,500,2024-11-09
10053,509,2025-08-03
10053,504,2025-02-13
10053,503,2025-04-10
10053,506,2024-08-11
10055,506,2025-05-22
10055,502,2024-10-11
10056,509,2024-08-16
10056,508,2025-04-03
10057,508,2024-12-10
10057,506,2025-01-11
10058,501,2024-09-20
10058,506,2025-08-16
10060,502,2025-04-10
10060,506,2024-10-08
10060,508,2024-10-06
10060,503,2024-08-30
10060,509,2025-04-15
10063,503,2024-11-03
10063,501,2025-02-12
10064,506,2025-05-18
10065,509,2024-12-22
10065,506,2025-08-12
10066,508,2024-08-13
10067,506,2024-09-24
10068,506,2024-11-18
10068,503,2025-01-17
10069,503,2024-12-21
10069,506,2025-06-10
10071,502,2025-03-08
10072,506,2025-07-15
10072,503,2025-07-20
10073,503,2025-03-17
10073,505,2025-02-04
10073,506,2024-12-02
10074,501,2024-12-04
10074,508,2024-11-22
10075,501,2024-09-30
10075,500,2025-03-05
10075,506,2024-08-05
10075,502,2024-09-13
10076,501,2025-07-22
10076,506,2025-05-16
10077,506,2024-09-27
10077,502,2024-10-04
10078,503,2025-02-19
10078,508,2024-12-16
10078,502,2025-02-15
10079,503,2025-07-02
10079,501,2025-04-10
10079,504,2025-07-03
10079,502,2024-12-07
10079,509,2024-08-25
10079,506,2025-07-28
10081,503,2024-11-07
10081,501,2025-04-05
10081,506,2024-10-08
10081,508,2024-11-19
10081,509,2025-03-05
10081,502,2025-08-26
10081,507,2025-06-17
10082,509,2025-04-04
10085,508,2025-02-01
10085,506,2025-01-13
10086,506,2025-01-18
10086,508,2024-11-28
10087,509,2024-08-07
10089,504,2024-12-21
10089,502,2024-12-10
10089,508,2024-11-23
10089,501,2024-09-06
10089,506,2025-05-13
10090,502,2024-10-20
10090,508,2025-04-08
10090,507,2025-04-08
10090,506,2025-05-26
10090,501,2025-06-20
10090,500,2025-04-21
10090,503,2025-08-02
10091,506,2025-07-31
10091,502,2024-10-08
10091,508,2025-03-17
10091,503,2025-02-11
10092,503,2024-09-26
10093,509,2025-08-29
10093,501,2025-07-26
10094,503,2024-11-07
10095,506,2025-02-14
10095,502,2025-06-11
10096,500,2025-05-26
10096,506,2024-11-23
10097,508,2024-09-26
10098,506,2025-03-17
10098,503,2024-08-09
10098,505,2025-06-14
10098,504,2024-12-21
10099,507,2024-08-15
10099,502,2024-12-20
10099,505,2025-06-18
10099,500,2025-07-09
10100,503,2025-07-29
10101,506,2025-08-11
10105,509,2025-04-17
10106,506,2025-08-24
10106,501,2024-10-29
10107,503,2025-02-26
10108,508,2025-06-04
10108,503,2024-11-24
10108,505,2024-08-09
10108,507,2025-06-12
10109,503,2024-12-01
10109,507,2024-12-07
10110,509,2025-06-21
10110,505,2024-09-20
10111,508,2025-03-13
10111,505,2025-06-29
10111,506,2025-03-05
10111,501,2025-03-15
10114,508,2024-10-03
10114,503,2025-04-23
10115,502,2024-12-01
10116,506,2024-09-18
10116,509,2024-10-29
10117,501,2025-01-01
10119,506,2025-02-14
10121,506,2024-10-11
10124,506,2025-01-13
10126,503,2025-04-06
10126,502,2025-02-23
10127,506,2024-11-13
10127,502,2025-04-27
10127,503,2025-01-10
10127,508,2025-04-08
10128,502,2024-11-11
10128,508,2025-09-01
10128,507,2025-08-10
10128,506,2025-08-17
10129,506,2025-06-18
10129,508,2025-03-31
10129,505,2024-11-17
10129,501,2024-12-12
10129,503,2025-03-20
10133,507,2025-06-23
10134,505,2024-12-08
10134,506,2025-05-18
10135,500,2025-08-21
10135,508,2025-07-22
10135,501,2025-06-14
10135,506,2025-07-06
10135,502,2025-05-08
10137,508,2025-02-12
10137,503,2025-03-08
10137,502,2024-08-25
10137,506,2024-10-06
10138,503,2024-10-03
10138,502,2025-02-22
10138,505,2024-10-08
10138,506,2025-04-03
10138,501,2025-03-22
10139,508,2025-08-02
10140,502,2025-06-04
10141,506,2024-09-21
10141,501,2025-02-23
10141,503,2024-10-29
10141,507,2025-04-26
10141,508,2024-12-24
10142,503,2024-08-07
10143,501,2025-01-27
10143,509,2025-03-20
10143,502,2025-07-13
10144,506,2025-04-26
10144,503,2025-03-07
10144,505,2025-08-19
10145,502,2025-06-27
10146,506,2025-02-06
10148,508,2024-12-25
10148,506,2025-08-24
10148,503,2025-05-11
10148,501,2025-06-10
10149,501,2025-07-29
10150,503,2024-08-14
10151,504,2025-05-31
10151,503,2025-02-08
10151,501,2024-08-24
10151,502,2025-05-08
10151,506,2025-07-23
10151,508,2025-06-25
10151,507,2024-12-28
10153,501,2025-07-31
10153,503,2025-07-22
10154,504,2025-01-07
10155,508,2025-05-05
10155,506,2025-08-08
10155,500,2025-02-15
10155,502,2025-08-09
10156,502,2025-01-25
10157,506,2025-04-18
10158,506,2025-05-24
10158,508,2025-03-30
10158,501,2025-08-25
10158,503,2024-09-18
10159,502,2025-04-08
10159,508,2025-05-20
10160,502,2024-09-09
10161,502,2024-09-22
10162,501,2025-07-04
10162,506,2025-08-02
10162,507,2025-06-27
10163,503,2024-09-13
10163,508,2025-02-18
10163,506,2025-08-20
10164,506,2024-09-25
10164,508,2024-09-28
10165,504,2024-08-01
10165,508,2025-01-30
10165,502,2025-08-13
10166,506,2025-07-21
10167,501,2024-09-13
10168,506,2025-06-02
10169,502,2025-07-14
10170,502,2024-11-12
10173,506,2025-08-31
10173,503,2024-09-01
10175,506,2024-09-22
10176,508,2025-06-08
10176,503,2025-04-10
10176,501,2025-04-13
10177,506,2024-11-22
10178,503,2025-05-11
10178,506,2025-08-12
10178,508,2025-08-31
10180,501,2025-07-22
10180,506,2025-04-09
10180,505,2025-07-11
10180,503,2024-12-20
10182,506,2025-03-10
10182,509,2024-10-08
10183,501,2025-02-07
10183,503,2025-05-03
10184,501,2024-12-13
10186,508,2025-07-03
10187,503,2024-12-29
10187,501,2025-07-31
10187,506,2024-09-01
10187,509,2025-01-16
10188,500,2024-10-23
10188,509,2025-02-12
10189,502,2025-02-11
10189,503,2025-03-09
10189,506,2024-09-17
10190,508,2025-06-13
10191,508,2024-12-02
10191,506,2025-05-05
10191,501,2025-05-16
10193,506,2025-05-22
10193,503,2025-01-23
10193,500,2025-01-03
10193,502,2024-12-04
10195,503,2025-04-29
10195,506,2025-05-30
10198,506,2025-04-21
10198,503,2025-01-17
10198,502,2025-06-08
10198,501,2025-06-23
10198,508,2024-11-11
10199,509,2025-01-15
10200,506,2025-02-05
10201,502,2025-08-26
10203,500,2025-05-08
10203,502,2024-10-14
10205,504,2025-04-02
10206,509,2024-11-29
10206,506,2024-10-18
10206,501,2025-04-30
10206,508,2025-03-06
10207,504,2024-12-05
10207,502,2024-08-07
10207,506,2025-08-19
10208,506,2025-01-29
10208,509,2025-07-15
10208,503,2024-08-10
10208,502,2024-10-07
10209,506,2024-11-24
10209,502,2024-08-09
10210,508,2024-11-18
10210,501,2024-08-24
10210,503,2025-08-09
10211,506,2024-09-26
10211,505,2025-05-09
10213,506,2024-09-06
10213,508,2025-03-06
10214,508,2025-05-02
10214,507,2025-06-09
10214,506,2025-08-18
10215,503,2025-08-04
10215,505,2024-09-30
10217,508,2025-08-06
10218,503,2025-04-12
10218,506,2024-10-17
10218,508,2025-05-14
10218,509,2025-07-31
10218,501,2025-03-25
10218,502,2024-08-05
10218,500,2025-08-08
10218,507,2024-11-07
10219,502,2025-04-02
10220,506,2025-04-06
10221,502,2025-08-11
10221,508,2025-02-04
10222,508,2025-04-01
10223,509,2025-04-30
10223,501,2024-12-16
10223,506,2025-03-20
10223,500,2025-07-19
10223,503,2025-08-12
10223,508,2024-10-04
10224,506,2025-01-03
10225,506,2024-10-04
10225,505,2025-01-12
10227,501,2024-10-05
10227,503,2025-04-19
10227,508,2024-07-31
10229,506,2025-04-04
10229,500,2024-12-12
10230,506,2024-08-24
10230,502,2025-02-03
10232,502,2024-10-16
10232,503,2024-08-21
10233,506,2025-08-07
10233,509,2025-07-04
10235,503,2024-09-02
10235,502,2025-08-28
10235,508,2025-03-27
10237,505,2025-06-10
10237,509,2025-01-26
10237,501,2025-01-07
10237,508,2024-10-20
10238,506,2024-12-25
10239,506,2025-07-05
10241,506,2025-03-12
10242,503,2025-05-12
10242,506,2025-06-29
10243,509,2024-12-16
10244,506,2025-03-25
10244,504,2024-08-31
10244,503,2025-04-19
10245,502,2025-07-02
10247,501,2024-09-29
10247,503,2025-02-03
10248,506,2024-10-15
10248,500,2024-10-03
10249,503,2025-07-24
10251,506,2025-07-11
10251,508,2024-09-17
10251,501,2024-11-11
10253,503,2025-08-21
10253,502,2024-09-12
10253,508,2024-12-08
10254,508,2024-09-03
10255,503,2024-11-04
10255,509,2024-09-26
10256,502,2024-07-31
10256,503,2025-05-20
10256,508,2024-12-18
10257,506,2024-11-18
10258,505,2025-02-13
10258,508,2024-12-17
10258,506,2025-09-01
10258,502,2025-02-15
10259,506,2025-04-01
10259,501,2024-10-17
10259,502,2025-07-21
10259,503,2025-08-07
10259,508,2024-10-04
10259,509,2024-08-27
10259,504,2025-05-23
10260,502,2025-05-11
10260,503,2024-09-08
10260,501,2025-01-21
10260,508,2025-03-21
10260,507,2025-06-19
10260,506,2024-07-31
10260,504,2025-02-18
10260,509,2024-11-28
10261,506,2024-12-09
10261,503,2025-05-27
10261,508,2025-03-09
10262,509,2025-03-17
10265,508,2024-12-22
10265,502,2025-05-04
10265,500,2024-09-05
10266,508,2025-04-12
10268,505,2025-02-26
10268,503,2024-09-10
10269,506,2025-06-06
10269,502,2024-09-10
10270,503,2025-02-05
10271,508,2025-05-11
10272,506,2025-03-07
10273,503,2025-05-04
10274,503,2024-09-01
10274,508,2025-08-10
10274,506,2024-09-22
10276,501,2025-03-21
10276,506,2024-08-15
10276,503,2025-01-21
10276,502,2025-04-18
10276,509,2024-08-19
10276,508,2025-01-15
10276,504,2025-07-06
10277,506,2025-01-14
10277,501,2025-07-26
10277,504,2025-04-18
10277,502,2024-08-17
10278,506,2025-01-11
10278,503,2024-10-08
10279,502,2025-06-12
10279,508,2025-05-19
10280,506,2025-05-02
10280,509,2025-08-19
10281,501,2025-04-05
10281,506,2024-11-11
10281,508,2025-04-11
10281,505,2024-08-31
10281,509,2024-08-16
10281,504,2025-05-15
10281,502,2025-03-30
10283,508,2025-08-23
10283,506,2024-12-17
10283,503,2025-08-12
10284,503,2025-04-25
10286,504,2025-06-10
10286,503,2025-08-21
10287,506,2025-08-24
10288,508,2024-12-30
10288,501,2024-10-30
10289,508,2024-09-26
10289,506,2025-05-05
10290,503,2025-04-22
10290,502,2025-08-17
10290,506,2024-10-20
10290,505,2024-09-14
10290,504,2025-06-29
10290,508,2025-03-26
10290,500,2024-11-25
10291,509,2024-08-05
10292,508,2024-09-02
10292,504,2025-02-16
10293,509,2024-11-03
10293,503,2024-11-12
10293,508,2025-05-17
10294,506,2024-11-05
10294,509,2025-04-18
10295,506,2025-03-24
10295,508,2025-07-30
10296,500,2024-10-16
10296,501,2025-05-13
10297,502,2025-08-13
10297,508,2025-04-08
10298,508,2024-10-17
10299,508,2025-02-02
10299,502,2024-09-06
10302,502,2025-01-18
10303,504,2025-03-16
10304,506,2025-01-16
10304,508,2025-03-17
10304,503,2025-03-17
10304,501,2024-11-21
10304,502,2025-08-03
10304,507,2024-08-02
10304,509,2025-06-07
10305,509,2024-10-09
10305,506,2025-01-07
10305,503,2024-12-21
10305,508,2025-02-19
10307,508,2025-07-13
10307,503,2025-02-06
10307,501,2025-07-23
10308,503,2024-11-11
10309,508,2025-03-07
10309,509,2025-04-11
10310,508,2024-10-06
10311,503,2025-03-11
10311,506,2025-02-04
10312,503,2024-09-30
10312,505,2025-01-27
10313,503,2024-09-03
10314,508,2024-12-19
10314,504,2024-10-16
10316,506,2025-01-11
10317,506,2024-12-30
10318,503,2025-01-20
10320,504,2024-11-16
10321,508,2025-08-23
10323,509,2025-03-21
10325,508,2025-01-08
10325,506,2025-01-31
10325,502,2024-09-11
10325,507,2025-01-29
10326,508,2025-01-22
10326,503,2025-04-06
10326,506,2025-08-12
10326,504,2024-12-15
10328,506,2025-07-22
10328,502,2025-07-28
10329,508,2025-02-17
10329,501,2024-10-16
10329,503,2025-08-15
10330,503,2025-08-07
10330,508,2025-06-20
10331,500,2025-03-14
10331,509,2025-03-18
10331,503,2024-09-04
10331,506,2025-06-30
10332,503,2025-01-31
10332,508,2025-01-12
10332,506,2024-08-22
10333,509,2025-04-11
10333,508,2025-05-09
10333,501,2024-11-06
10333,502,2024-08-03
10334,506,2025-08-20
10334,501,2025-02-26
10335,503,2025-03-27
10335,507,2025-07-16
10335,508,2025-01-24
10338,507,2024-08-08
10339,504,2025-03-28
10339,508,2025-06-08
10339,503,2024-11-22
10340,508,2025-08-18
10342,506,2025-07-26
10343,509,2025-01-22
10343,503,2024-09-08
10343,506,2025-02-22
10343,508,2025-02-23
10343,504,2025-03-01
10344,509,2024-09-27
10344,508,2024-11-04
10344,506,2025-04-20
10345,501,2024-12-18
10345,502,2025-01-01
10347,503,2025-07-05
10347,501,2025-03-03
10347,502,2024-09-03
10349,508,2025-04-26
10349,503,2024-10-23
10350,504,2024-08-07
10351,509,2025-02-17
10351,506,2024-09-19
10351,502,2024-09-15
10352,501,2025-02-15
10352,504,2025-07-13
10352,503,2024-09-21
10352,508,2025-07-23
10353,506,2025-06-29
10354,501,2025-07-28
10354,506,2024-08-24
10354,507,2024-11-04
10354,505,2025-03-21
10354,508,2025-03-30
10355,508,2024-12-29
10355,501,2025-06-19
10357,508,2025-01-23
10357,506,2025-04-20
10358,500,2025-06-23
10359,501,2024-11-27
10360,500,2024-12-02
10360,505,2024-09-12
10361,506,2024-09-03
10361,502,2024-11-26
10363,506,2024-12-09
10364,506,2025-05-12
10366,502,2025-05-14
10366,505,2025-02-26
10366,503,2025-01-23
10367,504,2025-07-26
10367,501,2025-05-11
10367,503,2024-08-12
10367,508,2024-10-25
10367,509,2025-02-16
10367,507,2025-01-15
10367,506,2025-06-15
10368,503,2025-03-14
10368,506,2024-11-18
10368,501,2025-08-26
10369,504,2024-12-06
10369,507,2025-05-21
10369,506,2025-04-23
10369,509,2025-06-28
10370,504,2025-08-03
10370,506,2025-05-08
10370,502,2025-02-25
10370,503,2025-06-06
10371,506,2024-08-12
10371,505,2025-01-05
10371,509,2025-01-05
10372,500,2025-08-05
10372,506,2025-03-26
10372,509,2025-05-06
10373,507,2025-08-24
10373,508,2024-08-05
10375,505,2025-03-27
10375,508,2025-01-19
10375,503,2025-01-02
10375,502,2025-05-10
10375,501,2025-02-13
10376,506,2024-11-27
10376,501,2025-01-13
10378,509,2025-01-26
10378,504,2025-02-26
10378,508,2024-12-23
10378,503,2025-08-14
10379,506,2025-03-18
10379,505,2025-01-06
10379,507,2024-10-12
10379,508,2025-08-09
10380,503,2025-03-15
10380,506,2025-04-06
10381,506,2025-08-15
10382,506,2025-05-10
10382,508,2025-07-15
10383,503,2025-01-16
10384,503,2025-01-15
10384,501,2025-04-04
10385,501,2024-12-29
10385,506,2025-06-11
10385,502,2024-10-11
10386,508,2024-09-07
10387,502,2025-01-06
10389,502,2025-05-17
10389,506,2025-05-23
10389,501,2025-04-23
10389,500,2025-01-17
10389,508,2025-08-13
10390,502,2024-10-17
10391,508,2025-08-06
10391,502,2024-08-29
10392,506,2024-08-22
10392,508,2025-06-09
10392,503,2024-09-18
10392,505,2025-04-21
10392,509,2025-08-04
10393,508,2025-03-08
10393,503,2024-10-13
10393,506,2025-01-09
10393,504,2025-06-23
10394,503,2025-02-15
10394,506,2024-11-20
10396,508,2025-06-04
10397,503,2024-10-01
10397,508,2025-05-21
10397,506,2025-07-30
10397,507,2025-08-22
10397,502,2025-06-08
10399,504,2024-08-20
10399,506,2024-10-08
10399,503,2025-03-05
10401,506,2025-04-26
10401,504,2025-01-20
10402,507,2024-10-10
10403,501,2024-08-05
10403,506,2024-08-04
10403,503,2024-10-01
10403,507,2025-01-03
10403,508,2025-03-09
10403,509,2025-07-17
10404,501,2025-01-29
10405,508,2025-03-29
10406,508,2025-01-09
10406,506,2024-10-16
10406,503,2025-06-16
10406,501,2024-12-25
10406,507,2025-01-14
10406,509,2024-10-18
10406,502,2024-11-05
10407,506,2025-04-11
10408,509,2025-09-01
10408,508,2024-10-31
10408,502,2024-11-26
10408,503,2025-02-09
10409,500,2024-12-21
10409,506,2025-07-29
10409,501,2024-11-15
10410,506,2024-11-24
10411,506,2024-09-08
10411,503,2025-09-01
10411,502,2024-08-16
10412,506,2025-06-09
10415,506,2025-03-26
10415,508,2025-07-11
10415,505,2025-02-12
10416,509,2025-04-08
10416,508,2025-02-26
10417,506,2025-02-04
10418,509,2024-08-22
10419,503,2025-01-08
10419,506,2025-03-29
10420,509,2024-08-24
10420,506,2024-10-31
10420,508,2025-08-29
10420,505,2025-08-18
10421,506,2025-08-26
10421,501,2025-01-21
10421,503,2025-02-17
10422,503,2025-08-09
10422,502,2024-10-20
10423,502,2024-11-08
10423,501,2024-10-15
10423,503,2025-06-09
10423,506,2024-08-16
10423,507,2025-08-31
10424,502,2025-08-07
10424,503,2024-10-27
10425,503,2025-05-31
10425,508,2025-06-02
10426,505,2024-09-23
10426,506,2025-02-11
10426,503,2025-07-08
10427,506,2025-04-20
10427,501,2024-09-29
10428,506,2025-08-05
10428,508,2025-06-01
10428,509,2025-07-16
10429,504,2025-07-05
10429,503,2024-09-12
10429,501,2024-09-11
10429,506,2025-08-08
10429,509,2024-11-23
10430,509,2025-08-04
10430,506,2025-01-01
10430,508,2025-01-27
10431,503,2025-01-09
10432,506,2024-09-10
10432,501,2024-10-14
10432,502,2025-07-03
10433,502,2025-02-18
10433,507,2024-11-28
10433,501,2025-05-22
10435,502,2024-09-20
10435,503,2024-08-15
10436,508,2025-05-24
10436,506,2024-08-09
10437,503,2024-08-29
10439,502,2025-01-31
10439,506,2025-04-13
10440,503,2024-10-04
10440,506,2024-08-27
10441,501,2024-08-03
10442,509,2024-11-05
10443,509,2025-03-26
10443,506,2024-12-17
10444,507,2025-01-22
10444,509,2025-07-10
10444,506,2024-09-04
10448,506,2025-03-18
10448,507,2024-11-20
10448,503,2025-01-09
10449,502,2024-08-11
10449,508,2025-04-10
10449,506,2025-08-21
10450,503,2025-03-08
10450,502,2025-05-11
10451,505,2024-11-08
10451,509,2025-06-12
10452,508,2025-06-18
10452,501,2024-09-06
10452,506,2024-10-18
10453,508,2024-09-30
10453,506,2025-01-13
10454,501,2025-03-12
10454,506,2025-03-16
10454,507,2025-06-19
10454,508,2024-08-03
10456,508,2025-03-05
10456,506,2024-10-19
10457,503,2025-07-07
10458,503,2024-10-25
10458,508,2025-05-24
10460,501,2024-09-13
10460,503,2025-06-15
10462,502,2025-01-16
10462,508,2024-10-29
10462,503,2025-08-05
10462,509,2025-01-09
10462,506,2025-04-20
10463,502,2025-06-27
10463,508,2025-05-07
10465,503,2024-08-06
10465,508,2025-01-28
10465,506,2024-08-16
10465,505,2024-12-20
10466,509,2024-09-01
10466,503,2025-02-16
10466,504,2024-12-29
10467,506,2024-11-22
10467,500,2024-11-03
10467,505,2025-07-11
10467,503,2025-04-06
10467,508,2024-12-22
10469,509,2025-07-17
10470,506,2024-08-11
10471,508,2024-08-27
10471,505,2025-05-16
10472,509,2025-07-10
10472,503,2024-08-31
10472,506,2025-05-03
10473,509,2025-03-23
10473,507,2024-10-22
10474,502,2025-07-14
10474,509,2024-08-13
10474,503,2024-08-24
10476,506,2025-03-08
10477,501,2025-03-17
10477,502,2024-11-17
10478,506,2024-09-08
10479,502,2025-03-12
10479,505,2025-04-04
10481,506,2024-09-06
10481,508,2024-07-29
10481,501,2025-08-31
10482,506,2025-03-22
10482,503,2025-01-11
10483,502,2025-07-03
10483,508,2025-08-17
10483,504,2025-04-28
10484,506,2025-05-27
10484,507,2024-10-16
10485,506,2024-09-23
10485,500,2024-09-29
10485,508,2024-11-01
10485,503,2024-10-03
10486,502,2025-01-30
10486,501,2025-07-22
10487,508,2025-04-11
10488,503,2025-06-15
10488,506,2025-07-12
10488,509,2024-10-11
10490,504,2024-10-02
10490,503,2024-09-15
10492,508,2024-09-30
10492,502,2025-06-27
10492,501,2024-10-10
10492,503,2025-09-01
10492,506,2025-04-26
10493,509,2025-08-08
10496,508,2024-10-09
10496,506,2025-05-05
10497,502,2025-06-19
10497,508,2024-08-27
10498,508,2025-03-12
10498,505,2025-07-26
10498,503,2025-04-30
10498,502,2025-05-05
10498,506,2025-01-01
10499,502,2024-07-31
10499,508,2025-03-20
10499,503,2025-07-03
10499,506,2025-06-09
10500,504,2025-07-13
10501,502,2024-11-30
10501,506,2024-10-08
10502,506,2025-02-28
10502,501,2025-06-27
10503,507,2024-12-24
10503,503,2025-04-26
10504,506,2024-12-03
10505,506,2025-02-06
10505,508,2025-01-25
10507,502,2025-08-07
10508,508,2025-04-29
10508,500,2024-09-03
10508,506,2024-10-24
10508,503,2025-08-27
10509,501,2025-08-15
10511,503,2024-10-08
10512,506,2024-08-19
10512,502,2024-08-14
10512,503,2025-03-20
10512,501,2024-10-14
10513,502,2025-01-24
10513,509,2025-07-22
10514,505,2024-08-26
10514,503,2024-09-02
10514,501,2024-12-01
10514,506,2024-12-13
10515,501,2025-04-04
10517,509,2025-01-13
10517,508,2025-01-11
10517,506,2025-03-18
10517,502,2025-01-24
10517,504,2024-08-08
10518,503,2025-06-06
10518,501,2024-11-30
10519,508,2025-07-30
10520,501,2024-11-13
10520,508,2025-01-11
10520,502,2025-08-27
10520,504,2025-01-07
10520,506,2025-08-28
10521,508,2024-08-05
10521,506,2025-03-18
10521,503,2024-11-21
10523,506,2024-08-08
10524,509,2024-12-05
10525,506,2024-10-31
10527,505,2024-08-11
10530,508,2024-10-28
10530,502,2025-06-21
10530,501,2025-01-09
10531,508,2024-12-19
10531,506,2025-01-25
10531,509,2025-02-04
10532,505,2025-07-12
10532,500,2025-05-05
10532,503,2024-10-18
10533,504,2025-04-28
10533,508,2025-07-19
10534,506,2024-10-03
10534,508,2024-10-31
10535,502,2025-07-21
10535,500,2025-07-19
10535,506,2025-02-20
10536,501,2024-09-14
10536,506,2024-10-16
10536,508,2025-02-07
10537,502,2024-08-22
10537,506,2024-12-12
10537,509,2025-01-15
10537,501,2025-02-12
10538,506,2025-01-26
10538,508,2025-07-26
10538,509,2024-10-19
10538,503,2024-08-25
10538,501,2025-01-30
10538,505,2024-11-17
10539,506,2025-04-24
10540,506,2024-12-02
10542,506,2025-07-05
10543,506,2025-06-03
10544,502,2024-08-06
10544,508,2024-10-31
10544,506,2024-08-24
10546,505,2025-03-01
10547,508,2025-06-20
10547,506,2025-07-01
10547,502,2025-03-26
10548,509,2025-03-13
10551,508,2025-03-15
10552,503,2024-12-14
10552,506,2024-07-30
10554,501,2024-12-11
10555,506,2025-03-17
10556,503,2025-04-10
10556,506,2024-09-11
10557,506,2024-10-02
10557,502,2025-08-16
10557,508,2024-10-08
10558,509,2024-10-29
10558,500,2025-04-01
10558,502,2025-07-21
10558,507,2025-06-21
10559,503,2025-01-21
10559,501,2025-04-27
10559,502,2024-08-30
10560,503,2025-01-02
10561,507,2025-04-25
10562,506,2024-09-02
10562,503,2025-06-01
10562,509,2025-02-18
10562,508,2025-07-07
10562,500,2025-02-03
10562,502,2025-07-21
10563,508,2025-02-13
10564,503,2024-07-30
10565,508,2024-10-13
10566,506,2025-08-17
10566,508,2024-12-26
10566,509,2025-06-10
10566,503,2025-06-07
10567,503,2025-01-18
10568,503,2025-08-05
10571,501,2025-01-01
10571,504,2024-11-11
10572,506,2025-08-28
10573,508,2024-12-25
10574,506,2025-05-11
10574,503,2024-11-08
10575,508,2024-11-19
10576,506,2025-01-01
10576,509,2025-03-22
10576,504,2025-03-27
10577,506,2025-02-24
10577,502,2024-08-19
10577,508,2025-05-30
10578,508,2024-10-12
10578,503,2025-02-26
10578,501,2025-08-28
10579,507,2025-02-07
10579,502,2025-03-26
10582,508,2024-09-04
10582,503,2025-08-10
10583,509,2024-09-30
10583,503,2025-01-12
10583,506,2024-09-07
10584,508,2025-03-11
10584,505,2025-04-05
10584,506,2024-09-30
10585,501,2024-09-24
10585,506,2025-08-30
10585,502,2024-09-07
10586,501,2025-05-21
10587,503,2025-07-04
10587,502,2025-03-30
10590,506,2024-10-14
10591,501,2024-10-25
10591,508,2024-10-22
10591,502,2025-08-21
10592,503,2024-08-26
10592,506,2025-08-31
10592,508,2025-06-16
10592,507,2024-08-31
10592,502,2025-01-05
10592,504,2024-11-04
10595,506,2025-01-03
10595,508,2024-08-31
10595,501,2025-07-15
10596,509,2025-02-15
10596,508,2025-04-14
10597,507,2025-07-15
10597,508,2025-04-05
10597,506,2025-08-27
10597,503,2024-09-25
10598,509,2024-11-06
10598,508,2025-04-05
10599,502,2025-01-08
10599,509,2025-08-13
10600,501,2025-06-29
10601,508,2025-01-21
10601,501,2024-12-18
10601,509,2024-10-31
10602,503,2024-08-31
10602,508,2024-08-07
10603,506,2025-05-26
10603,503,2025-04-26
10604,506,2024-11-11
10604,507,2024-08-30
10605,503,2025-04-03
10605,502,2025-03-14
10605,506,2025-03-17
10605,505,2025-04-28
10606,503,2025-03-18
10606,509,2024-09-12
10606,501,2025-05-06
10607,506,2024-09-24
10608,506,2025-02-05
10609,506,2025-08-10
10609,503,2024-09-07
10609,502,2025-01-21
10610,506,2024-09-28
10610,502,2025-07-04
10612,509,2025-04-19
10613,508,2025-01-14
10613,503,2025-04-21
10613,507,2025-09-01
10613,502,2024-12-09
10613,506,2025-03-02
10614,504,2024-09-16
10615,509,2025-08-23
10615,501,2025-04-02
10616,502,2024-11-18
10616,501,2025-08-18
10616,509,2025-04-13
10617,504,2024-09-04
10617,509,2025-07-01
10618,508,2025-07-15
10618,502,2025-03-11
10618,509,2025-08-04
10618,506,2025-08-16
10619,506,2024-12-07
10620,502,2024-10-13
10620,506,2024-11-06
10620,500,2025-08-08
10620,503,2025-02-05
10621,501,2025-05-29
10621,503,2024-09-20
10622,501,2024-08-17
10622,508,2024-12-15
10622,505,2025-06-03
10622,506,2025-06-07
10622,503,2025-01-08
10623,503,2025-06-15
10623,506,2024-11-30
10623,504,2025-08-26
10624,503,2024-07-30
10624,509,2025-01-06
10625,503,2025-04-29
10625,504,2024-11-30
10625,506,2025-04-01
10626,508,2025-03-22
10626,501,2024-10-17
10626,505,2025-01-10
10626,506,2025-03-09
10626,503,2025-06-25
10626,507,2024-11-08
10626,509,2025-02-02
10626,502,2025-07-11
10626,500,2024-12-13
10627,503,2024-08-09
10628,506,2024-08-07
10628,508,2024-12-23
10629,508,2024-10-03
10629,509,2024-11-28
10629,506,2025-04-02
10629,503,2025-06-14
10630,508,2025-01-23
10631,508,2025-05-28
10632,509,2025-03-30
10632,508,2024-12-18
10632,506,2024-12-18
10633,503,2025-06-26
10633,508,2025-03-13
10633,506,2024-12-26
10635,501,2025-07-27
10635,506,2025-01-28
10635,509,2024-11-29
10635,502,2024-11-13
10635,507,2025-08-17
10635,505,2025-01-14
10639,506,2025-05-11
10639,503,2025-06-01
10641,506,2024-08-27
10641,505,2025-02-18
10642,506,2025-03-24
10643,503,2024-08-11
10643,508,2025-06-11
10643,506,2024-12-19
10644,508,2024-12-24
10644,500,2024-12-12
10645,508,2025-06-12
10645,501,2025-02-13
10646,502,2024-09-27
10646,500,2025-05-07
10647,506,2025-01-14
10647,508,2024-12-25
10647,503,2024-07-30
10647,502,2025-03-21
10647,507,2025-04-02
10648,508,2024-08-02
10648,501,2025-08-13
10649,508,2025-05-11
10649,509,2025-07-25
10649,506,2025-03-04
10649,502,2025-06-28
10649,501,2025-03-07
10649,503,2025-06-03
10649,505,2024-11-23
10649,500,2025-01-12
10650,508,2024-12-17
10651,508,2024-08-13
10652,503,2024-12-18
10652,507,2024-11-15
10652,504,2025-04-23
10654,506,2025-07-25
10655,502,2025-07-31
10656,501,2025-08-23
10656,508,2024-10-25
10656,500,2024-09-05
10658,503,2024-10-26
10659,508,2024-09-13
10659,503,2024-11-25
10660,506,2025-03-30
10660,503,2024-08-15
10660,501,2024-09-21
10660,509,2024-11-08
10660,502,2025-06-05
10660,508,2024-11-27
10660,500,2025-04-23
10661,502,2025-02-03
10661,506,2025-06-09
10662,506,2024-10-31
10663,503,2025-07-04
10663,506,2025-01-31
10664,506,2024-08-20
10666,504,2024-11-24
10666,509,2024-09-02
10666,503,2024-08-27
10666,502,2024-08-05
10667,506,2024-09-14
10667,503,2024-10-01
10668,506,2024-09-20
10669,508,2025-03-12
10669,506,2025-05-15
10670,506,2024-12-15
10671,503,2025-02-21
10672,508,2025-06-09
10672,502,2024-12-13
10672,506,2024-08-10
10672,505,2025-04-02
10672,501,2025-08-13
10673,508,2025-08-15
10674,508,2025-04-29
10674,503,2025-07-15
10675,508,2025-03-25
10675,501,2025-08-10
10675,503,2024-10-20
10675,506,2024-07-31
10676,507,2025-03-26
10676,504,2025-03-14
10677,502,2025-01-16
10677,508,2025-02-18
10678,506,2024-11-19
10681,503,2025-05-17
10683,506,2024-08-20
10683,502,2025-07-06
10684,506,2025-06-06
10685,508,2025-08-18
10688,506,2025-01-26
10688,502,2025-03-23
10688,503,2024-11-12
10690,503,2025-04-20
10690,506,2025-05-09
10691,508,2025-07-01
10691,503,2024-09-27
10691,506,2024-08-22
10691,502,2025-02-01
10692,503,2025-02-27
10693,502,2025-04-18
10693,508,2025-02-20
10693,506,2025-05-09
10693,503,2024-11-12
10697,506,2024-10-28
10698,503,2025-05-15
10698,506,2024-12-03
10698,504,2024-08-14
10699,503,2024-09-06
10699,506,2025-01-09
10700,509,2024-08-02
10700,508,2024-08-18
10701,503,2025-02-25
10701,506,2024-11-24
10701,501,2025-07-31
10701,509,2025-08-14
10702,506,2024-11-14
10702,508,2025-01-10
10703,503,2024-10-31
10704,501,2024-12-12
10705,500,2025-04-12
10705,508,2025-08-13
10706,508,2025-04-23
10707,506,2025-08-22
10707,503,2024-11-24
10708,506,2025-03-25
10709,505,2025-08-11
10710,506,2024-09-14
10710,503,2024-09-05
10710,508,2024-07-30
10710,501,2025-06-22
10710,507,2025-03-29
10711,504,2025-06-28
10712,503,2025-06-06
10712,506,2024-12-03
10712,505,2025-01-08
10713,508,2025-07-12
10714,506,2024-12-26
10715,506,2024-11-14
10715,505,2024-12-11
10715,502,2024-10-27
10715,508,2024-11-19
10715,501,2024-09-17
10716,506,2024-12-17
10716,501,2025-05-12
10717,508,2024-11-06
10720,508,2025-04-04
10721,501,2024-11-17
10723,503,2024-08-30
10723,508,2024-11-27
10723,506,2025-04-28
10724,502,2025-04-25
10726,508,2024-08-05
10726,501,2025-02-16
10727,508,2025-08-04
10727,503,2024-08-25
10727,502,2025-05-30
10728,509,2025-06-24
10728,506,2025-03-14
10728,508,2025-01-11
10729,506,2024-09-06
10730,508,2025-08-03
10730,506,2024-11-16
10730,507,2024-09-03
10734,508,2024-12-29
10734,501,2024-08-14
10734,503,2025-06-13
10734,502,2025-03-08
10734,500,2025-08-26
10734,505,2024-09-23
10734,506,2024-12-30
10734,509,2025-06-30
10735,501,2024-09-21
10736,506,2024-12-21
10736,508,2025-05-24
10736,509,2024-09-19
10737,501,2024-12-30
10737,502,2025-03-19
10737,503,2024-11-05
10738,508,2025-06-05
10739,501,2024-11-21
10740,509,2025-01-18
10740,500,2025-02-26
10741,508,2025-06-14
10741,503,2025-02-28
10742,503,2025-04-24
10742,506,2025-01-23
10742,502,2025-02-13
10743,506,2025-07-09
10743,500,2024-12-09
10743,502,2025-01-15
10744,502,2025-08-03
10744,503,2025-06-08
10744,508,2024-11-22
10744,506,2024-12-24
10746,501,2025-06-06
10746,508,2024-09-25
10746,503,2024-10-03
10747,504,2025-04-12
10747,506,2024-08-17
10748,507,2024-11-26
10748,509,2025-01-19
10748,506,2025-01-15
10748,508,2025-07-17
10748,501,2025-05-11
10748,503,2024-11-04
10749,503,2025-06-05
10750,502,2024-08-18
10751,503,2024-08-26
10751,508,2024-12-08
10751,506,2025-08-25
10751,502,2025-02-07
10752,505,2025-03-15
10752,504,2025-05-30
10753,502,2025-03-04
10753,504,2024-08-31
10754,503,2024-09-27
10754,501,2024-10-04
10754,508,2025-06-20
10754,506,2024-12-22
10754,502,2024-08-13
10756,505,2025-08-17
10756,506,2025-04-29
10757,501,2025-03-01
10757,503,2025-08-06
10757,506,2025-06-28
10757,502,2025-07-04
10758,502,2025-05-29
10759,508,2025-04-30
10759,505,2024-11-11
10760,503,2024-08-01
10760,501,2024-08-13
10761,506,2025-02-09
10761,501,2025-01-19
10761,508,2025-07-12
10761,503,2025-07-12
10762,500,2024-12-12
10763,501,2024-09-15
10763,502,2024-12-02
10764,507,2025-01-05
10765,508,2025-06-27
10767,503,2024-10-12
10767,507,2025-01-14
10767,509,2025-02-27
10770,507,2024-11-05
10770,502,2024-10-10
10771,501,2024-09-21
10773,501,2025-01-12
10774,507,2024-12-01
10774,508,2025-06-03
10774,501,2025-08-08
10775,503,2025-01-24
10776,506,2025-01-09
10776,508,2025-04-19
10776,507,2024-11-15
10777,502,2025-05-11
10778,508,2025-04-16
10778,506,2024-10-06
10778,503,2025-08-30
10778,501,2024-11-27
10778,505,2025-08-29
10780,506,2024-09-17
10781,506,2024-10-28
10781,509,2025-08-17
10782,503,2024-11-27
10783,503,2025-04-23
10784,501,2025-02-01
10784,506,2025-02-15
10784,508,2024-10-23
10784,503,2024-10-29
10785,502,2025-04-04
10785,503,2025-05-25
10787,506,2025-01-17
10788,506,2024-12-02
10788,503,2024-08-20
10789,505,2025-05-18
10789,503,2025-03-24
10790,506,2025-08-25
10791,503,2024-12-15
10791,502,2025-07-18
10791,506,2025-06-02
10791,501,2025-06-07
10791,508,2025-06-02
10795,508,2025-06-14
10795,501,2024-12-31
10795,503,2024-10-17
10795,506,2025-03-21
10796,506,2025-02-01
10796,505,2025-06-13
10796,501,2025-05-16
10798,503,2025-01-21
10800,503,2025-02-10
10800,508,2025-05-24
10800,504,2025-07-15
10800,500,2025-04-18
10800,502,2025-01-15
10801,508,2025-05-17
10801,503,2025-01-23
10802,508,2025-06-19
10802,506,2025-06-27
10803,501,2024-09-01
10803,509,2025-01-28
10805,506,2025-02-23
10805,503,2025-08-28
10806,503,2025-03-09
10806,507,2025-06-09
10807,506,2025-06-03
10808,501,2025-01-01
10808,503,2025-06-11
10809,508,2024-12-20
10809,503,2025-04-12
10810,502,2024-08-30
10810,508,2025-05-20
10811,508,2025-07-03
10812,506,2024-11-07
10812,502,2025-08-25
10813,501,2025-03-18
10813,503,2024-08-21
10814,505,2025-06-18
10814,509,2025-07-08
10816,506,2025-04-12
10816,505,2024-08-09
10816,503,2025-08-31
10817,508,2025-07-19
10817,506,2025-02-14
10817,500,2025-07-05
10818,504,2024-10-07
10819,501,2024-09-27
10819,504,2025-06-18
10819,502,2024-12-15
10819,506,2025-01-10
10819,508,2024-09-23
10819,503,2024-10-13
10820,506,2025-02-26
10820,503,2025-04-07
10820,505,2025-01-13
10820,507,2024-09-13
10820,501,2024-09-05
10820,508,2024-11-30
10822,509,2025-04-29
10822,503,2025-08-11
10823,508,2024-08-09
10824,502,2025-04-09
10825,506,2025-01-19
10826,509,2025-04-17
10827,506,2024-08-18
10827,502,2025-04-30
10827,507,2025-01-04
10829,506,2025-08-30
10829,503,2024-10-09
10830,503,2025-01-04
10831,505,2025-03-05
10831,503,2025-01-05
10832,508,2025-02-19
10832,502,2024-09-07
10834,508,2025-05-26
10834,503,2024-08-17
10836,502,2024-10-31
10837,502,2025-08-10
10837,506,2024-11-23
10839,506,2025-02-24
10840,506,2024-12-04
10840,509,2025-08-29
10842,501,2024-10-20
10842,503,2025-01-31
10842,506,2024-11-02
10843,501,2025-08-23
10843,508,2025-05-02
10843,506,2025-02-04
10843,509,2025-01-04
10843,504,2025-04-27
10845,506,2025-05-19
10845,507,2025-08-14
10845,508,2024-12-22
10846,506,2024-12-25
10847,500,2025-06-30
10847,509,2025-09-01
10849,503,2024-10-10
10849,506,2024-12-22
10850,503,2025-07-04
10850,506,2024-10-23
10852,508,2025-01-18
10852,506,2025-04-29
10852,503,2024-11-19
10852,502,2025-07-18
10852,500,2025-04-06
10852,509,2024-12-04
10853,502,2025-01-23
10853,508,2024-09-30
10854,501,2025-07-09
10854,506,2024-07-29
10854,504,2025-08-22
10855,506,2025-02-26
10856,508,2024-09-22
10856,501,2025-04-22
10857,508,2025-01-17
10857,503,2025-05-24
10857,506,2025-03-01
10861,504,2024-12-25
10861,508,2024-07-31
10862,506,2024-10-02
10862,500,2025-08-04
10863,502,2024-10-16
10863,506,2025-04-08
10863,508,2025-08-29
10863,503,2024-08-06
10863,507,2024-12-16
10864,508,2024-10-29
10864,506,2025-03-08
10865,503,2025-03-07
10866,506,2024-11-24
10867,505,2025-02-27
10867,508,2025-05-29
10867,502,2024-11-05
10868,506,2025-05-10
10868,502,2025-06-08
10869,506,2025-06-06
10869,503,2024-12-15
10870,504,2025-08-29
10871,506,2024-11-26
10872,502,2024-09-07
10873,509,2024-10-22
10873,500,2024-11-19
10874,505,2024-10-19
10874,506,2024-12-22
10876,508,2024-09-15
10876,501,2024-11-25
10878,502,2025-05-26
10879,502,2024-09-06
10881,501,2024-08-15
10881,506,2025-05-21
10882,506,2025-05-26
10883,508,2025-01-10
10883,502,2025-01-31
10884,506,2025-05-18
10884,503,2025-04-25
10885,503,2024-08-12
10885,500,2024-07-30
10885,502,2024-11-04
10886,500,2024-12-09
10886,502,2025-07-16
10886,509,2024-08-04
10887,503,2024-09-12
10887,506,2024-11-14
10888,503,2025-04-15
10888,506,2025-02-02
10889,508,2025-04-26
10889,509,2025-07-15
10890,502,2025-05-28
10890,506,2025-08-05
10891,501,2024-10-06
10891,506,2025-02-10
10891,500,2024-10-23
10892,503,2024-07-30
10893,508,2024-09-14
10894,506,2025-07-10
10894,509,2025-03-01
10895,508,2025-07-14
10896,503,2025-02-06
10896,502,2025-01-17
10899,509,2025-03-15
10899,503,2025-08-25
10899,506,2024-12-06
10899,508,2024-12-29
10899,505,2025-08-16
10899,502,2025-03-09
10901,503,2024-11-06
10901,502,2025-05-22
10901,508,2025-06-28
10901,506,2025-03-01
10901,504,2024-08-03
10902,502,2025-03-15
10903,503,2025-06-30
10903,502,2025-03-24
10904,508,2024-10-17
10904,506,2025-05-08
10904,502,2024-08-22
10904,503,2025-06-03
10904,505,2024-12-13
10905,506,2025-03-27
10905,508,2024-11-08
10908,506,2024-09-29
10908,500,2024-09-04
10908,502,2024-09-11
10908,501,2025-07-23
10909,506,2025-03-01
10910,509,2024-10-23
10910,506,2025-07-20
10911,507,2025-01-04
10912,508,2025-05-28
10913,502,2024-10-23
10913,509,2025-07-05
10914,506,2025-04-09
10916,508,2025-02-22
10917,509,2024-08-31
10917,508,2025-08-25
10917,506,2025-06-12
10919,502,2025-08-08
10919,503,2025-08-20
10921,506,2024-11-07
10921,508,2024-09-09
10921,509,2025-06-12
10921,503,2025-06-19
10921,501,2025-02-23
10921,504,2024-12-28
10921,507,2025-05-21
10922,503,2024-11-14
10922,507,2024-11-16
10922,506,2025-04-25
10922,508,2024-09-06
10922,505,2024-12-25
10922,502,2025-03-28
10923,508,2025-08-26
10925,503,2024-12-22
10926,508,2024-12-09
10927,506,2025-04-15
10927,509,2024-08-14
10928,508,2024-09-26
10928,506,2025-04-25
10928,502,2025-06-03
10928,504,2024-09-30
10928,501,2025-01-17
10930,501,2025-01-04
10930,502,2025-03-05
10931,509,2025-07-21
10933,506,2025-05-24
10934,509,2025-05-11
10934,508,2024-11-25
10934,503,2025-04-10
10934,504,2025-05-18
10934,506,2025-01-11
10935,502,2025-03-04
10936,509,2024-09-21
10937,508,2025-02-18
10937,503,2024-08-26
10938,500,2025-01-22
10938,503,2025-07-21
10938,506,2025-07-16
10939,506,2025-07-31
10939,503,2024-11-15
10941,501,2025-02-20
10941,506,2025-03-11
10941,503,2024-10-01
10941,502,2025-03-10
10942,506,2025-07-02
10943,502,2024-09-27
10943,509,2024-12-08
10943,506,2025-05-16
10943,501,2024-10-26
10943,503,2024-10-24
10944,501,2025-01-23
10944,508,2024-12-07
10944,503,2025-07-16
10946,503,2025-03-13
10946,502,2025-08-05
10947,503,2025-02-17
10947,507,2024-12-25
10948,502,2024-12-18
10948,506,2025-06-28
10948,509,2025-01-17
10948,503,2024-09-25
10949,502,2025-05-16
10949,505,2025-05-11
10949,509,2025-04-04
10950,500,2025-03-30
10950,506,2025-06-06
10950,509,2025-05-16
10950,505,2024-08-22
10950,503,2025-02-05
10950,508,2024-12-06
10950,502,2025-07-31
10951,504,2025-06-10
10951,508,2025-06-07
10952,503,2024-11-22
10953,501,2025-03-31
10954,506,2024-10-12
10955,508,2025-07-06
10955,509,2025-06-23
10955,502,2025-08-16
10957,502,2025-02-24
10958,509,2024-11-27
10958,503,2025-01-14
10958,506,2025-05-14
10958,502,2025-07-12
10959,507,2024-11-11
10959,508,2024-09-19
10960,501,2024-08-27
10962,508,2024-08-29
10962,501,2024-09-28
10963,504,2025-07-13
10964,503,2024-11-18
10964,506,2025-06-11
10965,508,2025-08-24
10965,506,2025-05-21
10967,501,2024-08-18
10967,504,2024-10-13
10967,509,2024-12-21
10967,503,2025-05-16
10967,508,2025-05-04
10968,501,2024-11-15
10969,505,2024-09-06
10971,502,2024-08-13
10971,506,2024-09-25
10972,500,2025-08-05
10976,506,2025-03-08
10976,509,2025-04-02
10976,503,2025-05-14
10978,506,2025-03-12
10978,503,2025-07-31
10979,501,2024-09-14
10979,508,2025-01-13
10979,506,2024-09-15
10979,502,2024-10-07
10979,500,2025-07-30
10979,509,2025-05-04
10980,508,2024-08-04
10980,509,2024-08-06
10980,503,2025-08-02
10980,506,2025-03-28
10980,501,2025-06-16
10981,502,2024-12-11
10982,503,2025-06-17
10982,509,2025-03-12
10983,503,2025-07-15
10985,508,2025-05-24
10985,506,2025-05-03
10985,509,2024-08-30
10985,505,2024-11-23
10986,501,2024-08-04
10986,503,2024-08-18
10987,502,2025-04-13
10988,508,2025-03-13
10989,507,2025-08-19
10990,509,2025-03-26
10991,507,2025-08-27
10991,506,2025-03-13
10991,501,2024-11-15
10991,502,2025-07-04
10992,506,2025-06-15
10993,502,2024-10-20
10993,509,2025-03-16
10993,503,2025-05-14
10993,508,2025-07-31
10994,508,2024-12-23
10995,501,2025-07-02
10995,502,2025-09-01
10997,509,2024-12-25
10997,506,2024-09-17
10997,503,2025-08-18
10997,500,2025-08-15
10997,501,2024-08-18
10997,502,2025-08-30
10998,503,2024-10-10
11000,506,2025-05-17
11002,508,2025-04-04
11003,509,2024-08-19
11003,507,2025-03-12
11003,508,2025-03-10
11003,506,2024-10-01
11003,502,2025-03-11
11003,501,2024-09-11
11003,503,2024-12-12
11005,506,2025-05-03
11006,506,2024-08-24
11006,502,2024-11-03
11007,501,2025-07-21
11007,506,2024-09-06
11007,505,2025-08-19
11007,503,2025-02-04
11008,504,2025-08-19
11008,506,2025-08-14
11009,502,2024-08-05
11009,501,2025-07-11
11010,503,2024-08-30
11010,508,2025-08-16
11010,507,2025-05-01
11010,506,2025-03-26
11011,505,2025-08-26
11011,501,2024-12-02
11011,506,2024-10-07
11012,506,2025-07-22
11013,508,2024-12-27
11013,503,2025-08-22
11013,506,2025-04-15
11015,503,2024-11-26
11015,502,2025-05-10
11015,508,2025-03-11
11015,501,2025-03-15
11017,508,2024-12-11
11017,502,2025-01-20
11017,500,2025-08-13
11017,509,2024-09-23
11018,508,2025-08-21
11018,503,2024-08-19
11019,506,2025-08-05
11019,507,2025-01-11
11019,503,2024-11-28
11019,508,2025-01-15
11019,502,2025-01-20
11020,506,2024-09-17
11020,501,2025-01-24
11020,503,2025-07-17
11021,501,2024-11-10
11021,505,2024-10-18
11021,503,2025-03-19
11021,508,2024-09-15
11021,504,2024-11-11
11021,500,2025-08-19
11024,506,2024-10-20
11025,502,2025-05-29
11025,506,2025-07-15
11025,508,2025-07-25
11026,502,2024-12-04
11026,509,2025-06-26
11026,508,2025-07-29
11027,504,2024-12-26
11028,506,2024-09-10
11029,507,2025-02-01
11029,508,2025-03-07
11029,503,2024-10-01
11030,506,2024-09-10
11031,506,2025-04-10
11031,508,2025-05-03
11031,505,2024-12-23
11032,506,2024-08-09
11032,508,2024-10-18
11034,501,2025-05-29
11034,506,2025-07-20
11034,503,2024-08-22
11034,502,2025-03-24
11034,508,2024-08-14
11035,505,2025-01-13
11035,506,2025-06-21
11035,508,2025-05-31
11036,502,2025-02-12
11037,502,2025-07-08
11037,506,2025-07-23
11037,503,2024-12-19
11039,500,2025-04-10
11039,509,2025-04-13
11040,509,2025-03-01
11041,508,2024-08-25
11041,506,2025-03-11
11042,501,2025-02-12
11042,503,2025-04-17
11042,504,2025-04-18
11044,506,2025-08-26
11045,502,2024-12-25
11047,509,2025-03-16
11047,508,2024-12-21
11048,508,2025-06-23
11048,502,2025-04-04
11048,503,2025-08-04
11049,506,2024-11-28
11049,509,2025-08-30
11050,506,2025-02-07
11052,502,2025-02-18
11052,506,2025-01-20
11053,503,2025-05-29
11054,508,2025-05-04
11055,508,2024-11-29
11055,502,2025-03-18
11055,503,2025-06-24
11056,506,2024-10-11
11056,508,2024-09-28
11056,501,2025-05-09
11057,503,2025-01-18
11058,501,2025-07-17
11058,506,2025-01-14
11059,501,2024-12-12
11059,500,2024-08-23
11059,505,2025-04-14
11060,506,2024-10-02
11060,508,2024-10-16
11060,501,2024-09-10
11060,503,2025-03-30
11060,505,2024-10-08
11062,504,2025-08-01
11063,508,2024-12-15
11063,500,2025-07-13
11063,506,2025-01-03
11063,501,2025-04-28
11064,506,2025-03-19
11064,504,2024-09-17
11064,502,2025-07-03
11064,501,2024-12-02
11065,502,2024-09-21
11065,506,2024-12-21
11065,503,2025-04-23
11065,504,2024-11-04
11065,507,2025-02-16
11066,506,2025-02-11
11066,509,2025-07-06
11067,508,2024-10-23
11068,504,2024-10-16
11068,506,2025-02-12
11071,509,2024-12-04
11071,503,2025-05-13
11072,506,2024-09-02
11072,503,2025-05-09
11074,506,2024-08-09
11074,509,2025-04-13
11074,508,2025-07-26
11075,508,2024-09-21
11075,503,2025-05-13
11077,509,2024-12-28
11078,501,2024-11-28
11078,502,2024-08-25
11079,503,2025-05-17
11079,509,2024-09-21
11079,506,2025-03-25
11079,502,2025-04-23
11079,501,2024-11-22
11079,500,2025-08-31
11079,505,2024-11-24
11079,508,2025-04-28
11080,506,2025-03-05
11081,503,2025-03-02
11083,509,2024-09-22
11084,502,2025-03-31
11085,503,2025-08-30
11085,502,2024-09-23
11085,509,2025-02-03
11085,506,2025-01-05
11086,506,2025-06-23
11087,507,2024-08-10
11088,502,2024-08-05
11089,508,2024-08-30
11091,502,2025-05-09
11094,506,2025-06-26
11095,509,2024-10-24
11095,503,2025-03-17
11096,504,2024-12-10
11097,503,2025-06-27
11097,508,2024-11-12
11097,502,2024-11-22
11097,501,2024-11-11
11097,509,2024-12-30
11098,508,2025-07-04
11098,506,2025-08-21
11099,508,2025-06-25
11100,501,2025-03-13
11103,508,2025-04-01
11103,502,2025-05-31
11103,503,2024-12-04
11104,506,2025-05-06
11105,503,2025-03-30
11106,503,2024-08-08
11106,506,2025-02-19
11106,505,2025-06-22
11107,503,2024-08-16
11108,501,2025-05-31
11110,501,2024-08-13
11110,506,2024-10-25
11110,508,2025-02-10
11111,507,2025-05-10
11112,506,2025-06-04
11113,506,2025-02-05
11113,502,2024-11-27
11113,508,2025-01-21
11114,506,2025-03-21
11114,503,2024-09-09
11115,506,2024-10-30
11115,503,2025-08-24
11116,501,2025-06-25
11117,508,2025-06-20
11117,506,2024-09-15
11117,509,2025-07-11
11117,502,2025-01-27
11119,502,2025-02-19
11120,506,2024-11-24
11120,500,2024-12-14
11120,503,2025-04-18
11120,502,2025-07-22
11120,508,2025-07-31
11120,505,2025-01-09
11121,506,2024-08-06
11121,509,2025-06-26
11122,508,2025-02-23
11122,506,2024-10-19
11122,503,2025-06-16
11125,506,2024-09-26
11125,509,2024-09-18
11125,508,2025-04-28
11126,502,2025-03-24
11126,503,2025-06-18
11127,508,2025-05-05
11128,502,2024-10-06
11128,508,2025-03-16
11128,501,2024-11-16
11128,505,2025-08-31
11129,508,2025-02-08
11130,504,2024-12-31
11131,506,2024-08-13
11131,507,2025-08-27
11132,503,2025-04-18
11132,506,2025-05-05
11133,506,2024-12-03
11134,500,2025-06-07
11134,506,2025-05-22
11134,503,2025-02-10
11134,508,2025-04-09
11134,509,2024-08-03
11135,506,2024-12-06
11135,502,2025-08-24
11135,503,2025-08-23
11135,508,2025-08-27
11137,504,2024-08-31
11137,502,2024-10-18
11138,502,2024-08-10
11139,504,2024-11-18
11140,502,2025-06-22
11141,506,2025-08-17
11141,502,2025-02-11
11141,508,2025-03-18
11141,504,2024-10-24
11141,503,2024-08-25
11141,501,2024-08-18
11142,506,2025-03-13
11143,504,2025-04-07
11144,502,2025-01-19
11144,506,2025-02-12
11145,503,2024-12-13
11145,508,2024-11-12
11145,506,2025-04-17
11145,501,2024-10-31
11145,509,2025-08-15
11146,503,2025-06-06
11146,509,2025-04-27
11146,506,2024-08-04
11147,508,2025-01-20
11150,508,2024-12-01
11150,506,2024-12-30
11151,501,2024-09-29
11151,502,2025-04-22
11151,506,2025-06-04
11151,508,2024-08-26
11151,509,2025-01-29
11152,501,2025-06-26
11155,506,2024-11-26
11156,508,2024-11-03
11157,500,2025-03-02
11157,506,2025-02-25
11158,508,2024-12-19
11158,506,2024-08-02
11159,506,2024-12-24
11160,503,2025-08-15
11160,509,2025-07-03
11161,502,2025-06-20
11161,506,2024-07-29
11164,502,2024-11-14
11164,506,2024-11-19
11164,503,2024-09-01
11164,501,2025-02-06
11164,509,2025-02-27
11164,504,2024-11-22
11164,507,2025-05-07
11165,501,2025-06-06
11165,506,2024-12-08
11165,500,2024-09-14
11165,503,2025-01-14
11165,508,2024-08-19
11166,503,2025-01-16
11166,506,2025-07-04
11166,501,2024-10-04
11166,508,2025-01-10
11166,504,2025-04-15
11167,500,2024-11-13
11168,506,2025-07-25
11168,501,2025-06-11
11169,506,2024-11-12
11171,508,2025-07-21
11171,506,2025-07-02
11172,502,2025-02-10
11172,506,2025-06-17
11172,503,2024-09-16
11172,500,2025-04-30
11173,503,2024-12-28
11173,509,2025-08-01
11174,509,2024-10-22
11175,509,2025-05-20
11175,500,2024-11-17
11177,501,2025-04-09
11177,503,2024-12-19
11178,508,2025-04-18
11178,501,2024-09-09
11178,506,2025-01-08
11179,506,2025-08-21
11179,508,2025-02-17
11180,506,2025-08-07
11180,502,2025-04-04
11181,505,2025-01-02
11182,503,2025-02-16
11183,502,2025-03-01
11184,502,2024-09-24
11185,506,2025-03-13
11185,508,2025-02-21
11185,503,2025-03-20
11186,502,2025-07-14
11187,509,2025-08-05
11187,501,2025-07-05
11188,502,2025-05-27
11188,508,2024-12-07
11189,508,2025-07-12
11192,506,2024-12-17
11192,508,2024-11-26
11193,506,2024-09-27
11194,509,2024-12-25
11194,506,2025-08-13
11194,505,2024-11-26
11195,501,2024-12-06
11195,502,2025-09-01
11196,507,2025-01-07
11196,501,2025-05-06
11196,506,2025-08-09
11196,509,2025-02-21
11197,504,2025-07-09
11198,506,2025-02-16
11198,508,2024-10-19
11198,509,2025-05-12
11199,506,2025-05-17
11199,507,2025-07-16
11199,501,2025-05-03
