row_id,constant_int,constant_str,all_null,single_category,unique_code,all_zero,negatives,boolean_flag,mostly_null
1,42,FIXED,,only,U00000,0,-54.13,False,
2,42,FIXED,,only,U00001,0,-38.94,True,
3,42,FIXED,,only,U00002,0,-48.18,False,
4,42,FIXED,,only,U00003,0,-33.54,False,11.9
5,42,FIXED,,only,U00004,0,-38.61,True,
6,42,FIXED,,only,U00005,0,-62.13,True,
7,42,FIXED,,only,U00006,0,-33.05,False,
8,42,FIXED,,only,U00007,0,-38.74,False,
9,42,FIXED,,only,U00008,0,-36.37,False,
10,42,FIXED,,only,U00009,0,-59.19,False,
11,42,FIXED,,only,U00010,0,-42.48,True,
12,42,FIXED,,only,U00011,0,-33.45,False,10.95
13,42,FIXED,,only,U00012,0,-55.83,False,
14,42,FIXED,,only,U00013,0,-11.56,True,
15,42,FIXED,,only,U00014,0,-13.59,False,
16,42,FIXED,,only,U00015,0,-55.03,True,
17,42,FIXED,,only,U00016,0,-84.77,True,
18,42,FIXED,,only,U00017,0,-40.29,False,
19,42,FIXED,,only,U00018,0,-55.96,False,
20,42,FIXED,,only,U00019,0,-23.3,True,
21,42,FIXED,,only,U00020,0,-51.88,False,
22,42,FIXED,,only,U00021,0,-53.28,True,
23,42,FIXED,,only,U00022,0,-60.42,True,
24,42,FIXED,,only,U00023,0,-35.51,False,
25,42,FIXED,,only,U00024,0,-86.15,False,
26,42,FIXED,,only,U00025,0,-31.44,False,
27,42,FIXED,,only,U00026,0,-78.31,False,
28,42,FIXED,,only,U00027,0,-29.24,False,
29,42,FIXED,,only,U00028,0,-64.54,True,
30,42,FIXED,,only,U00029,0,-74.97,False,
31,42,FIXED,,only,U00030,0,-90.68,True,
32,42,FIXED,,only,U00031,0,-47.42,False,
33,42,FIXED,,only,U00032,0,-18.43,True,
34,42,FIXED,,only,U00033,0,-65.61,False,
35,42,FIXED,,only,U00034,0,-36.21,False,
36,42,FIXED,,only,U00035,0,-29.3,False,
37,42,FIXED,,only,U00036,0,-38.53,False,
38,42,FIXED,,only,U00037,0,-32.44,True,10.07
39,42,FIXED,,only,U00038,0,-64.12,True,
40,42,FIXED,,only,U00039,0,-53.25,True,
41,42,FIXED,,only,U00040,0,-62.64,False,
42,42,FIXED,,only,U00041,0,-65.98,False,11.97
43,42,FIXED,,only,U00042,0,-42.37,False,
44,42,FIXED,,only,U00043,0,-63.05,False,
45,42,FIXED,,only,U00044,0,-72.71,False,
46,42,FIXED,,only,U00045,0,-84.91,False,10.72
47,42,FIXED,,only,U00046,0,-52.94,False,
48,42,FIXED,,only,U00047,0,-44.79,False,
49,42,FIXED,,only,U00048,0,-32.12,False,
50,42,FIXED,,only,U00049,0,-42.3,True,10.81
51,42,FIXED,,only,U00050,0,-49.95,True,
52,42,FIXED,,only,U00051,0,-54.54,True,
53,42,FIXED,,only,U00052,0,-24.3,True,
54,42,FIXED,,only,U00053,0,-42.13,False,
55,42,FIXED,,only,U00054,0,-45.98,True,
56,42,FIXED,,only,U00055,0,-38.56,False,
57,42,FIXED,,only,U00056,0,-38.22,True,
58,42,FIXED,,only,U00057,0,-56.38,False,
59,42,FIXED,,only,U00058,0,-31.34,False,11.92
60,42,FIXED,,only,U00059,0,-58.73,False,
61,42,FIXED,,only,U00060,0,-29.41,True,
62,42,FIXED,,only,U00061,0,-53.88,True,
63,42,FIXED,,only,U00062,0,-28.75,False,
64,42,FIXED,,only,U00063,0,-72.15,False,
65,42,FIXED,,only,U00064,0,-63.83,True,
66,42,FIXED,,only,U00065,0,-75.22,False,
67,42,FIXED,,only,U00066,0,-33.92,True,
68,42,FIXED,,only,U00067,0,-24.84,False,
69,42,FIXED,,only,U00068,0,-24.82,True,
70,42,FIXED,,only,U00069,0,-45.55,False,
71,42,FIXED,,only,U00070,0,-69.94,False,
72,42,FIXED,,only,U00071,0,-63.22,False,
73,42,FIXED,,only,U00072,0,-62.57,True,
74,42,FIXED,,only,U00073,0,-26.47,False,5.52
75,42,FIXED,,only,U00074,0,-70.35,True,
76,42,FIXED,,only,U00075,0,-63.69,False,
77,42,FIXED,,only,U00076,0,-39.46,True,
78,42,FIXED,,only,U00077,0,-1.51,True,
79,42,FIXED,,only,U00078,0,-34.72,True,
80,42,FIXED,,only,U00079,0,-47.29,True,
81,42,FIXED,,only,U00080,0,-79.7,True,
82,42,FIXED,,only,U00081,0,-53.9,False,
83,42,FIXED,,only,U00082,0,-48.58,True,
84,42,FIXED,,only,U00083,0,-79.95,True,
85,42,FIXED,,only,U00084,0,-79.32,True,
86,42,FIXED,,only,U00085,0,-56.99,False,
87,42,FIXED,,only,U00086,0,-61.61,False,
88,42,FIXED,,only,U00087,0,-73.59,True,
89,42,FIXED,,only,U00088,0,-36.15,False,
90,42,FIXED,,only,U00089,0,-57.51,False,
91,42,FIXED,,only,U00090,0,-41.76,False,
92,42,FIXED,,only,U00091,0,-31.47,True,
93,42,FIXED,,only,U00092,0,-59.29,True,
94,42,FIXED,,only,U00093,0,-70.85,False,
95,42,FIXED,,only,U00094,0,-85.41,False,
96,42,FIXED,,only,U00095,0,-64.6,True,
97,42,FIXED,,only,U00096,0,-71.52,True,
98,42,FIXED,,only,U00097,0,-46.49,False,
99,42,FIXED,,only,U00098,0,-21.29,False,
100,42,FIXED,,only,U00099,0,-37.81,False,
101,42,FIXED,,only,U00100,0,-57.52,True,
102,42,FIXED,,only,U00101,0,-38.65,False,
103,42,FIXED,,only,U00102,0,-86.43,True,
104,42,FIXED,,only,U00103,0,-73.14,False,10.14
105,42,FIXED,,only,U00104,0,-46.2,True,
106,42,FIXED,,only,U00105,0,-83.0,True,
107,42,FIXED,,only,U00106,0,-62.34,False,
108,42,FIXED,,only,U00107,0,-81.29,True,
109,42,FIXED,,only,U00108,0,-46.59,True,
110,42,FIXED,,only,U00109,0,-64.97,True,
111,42,FIXED,,only,U00110,0,-45.63,True,
112,42,FIXED,,only,U00111,0,-50.28,False,
113,42,FIXED,,only,U00112,0,-71.94,True,
114,42,FIXED,,only,U00113,0,-86.52,True,
115,42,FIXED,,only,U00114,0,-52.45,False,
116,42,FIXED,,only,U00115,0,-55.74,True,
117,42,FIXED,,only,U00116,0,-33.25,False,
118,42,FIXED,,only,U00117,0,-46.04,False,
119,42,FIXED,,only,U00118,0,-59.54,False,
120,42,FIXED,,only,U00119,0,-26.21,True,
121,42,FIXED,,only,U00120,0,-41.82,False,
122,42,FIXED,,only,U00121,0,-28.78,False,
123,42,FIXED,,only,U00122,0,-53.89,True,
124,42,FIXED,,only,U00123,0,-67.12,True,
125,42,FIXED,,only,U00124,0,-56.58,True,
126,42,FIXED,,only,U00125,0,-44.76,True,
127,42,FIXED,,only,U00126,0,-30.83,True,
128,42,FIXED,,only,U00127,0,-19.28,False,
129,42,FIXED,,only,U00128,0,-50.45,True,
130,42,FIXED,,only,U00129,0,-79.12,False,
131,42,FIXED,,only,U00130,0,-45.01,False,
132,42,FIXED,,only,U00131,0,-48.84,True,
133,42,FIXED,,only,U00132,0,-41.63,True,
134,42,FIXED,,only,U00133,0,-28.59,True,
135,42,FIXED,,only,U00134,0,-70.46,True,
136,42,FIXED,,only,U00135,0,-63.66,True,
137,42,FIXED,,only,U00136,0,-21.94,True,
138,42,FIXED,,only,U00137,0,-26.43,False,
139,42,FIXED,,only,U00138,0,-75.78,False,
140,42,FIXED,,only,U00139,0,-33.32,False,
141,42,FIXED,,only,U00140,0,-49.25,True,
142,42,FIXED,,only,U00141,0,-30.47,False,13.52
143,42,FIXED,,only,U00142,0,-56.27,False,
144,42,FIXED,,only,U00143,0,-35.13,True,
145,42,FIXED,,only,U00144,0,-38.61,False,
146,42,FIXED,,only,U00145,0,-28.88,False,
147,42,FIXED,,only,U00146,0,-86.41,False,
148,42,FIXED,,only,U00147,0,-99.8,True,
149,42,FIXED,,only,U00148,0,-54.4,True,
150,42,FIXED,,only,U00149,0,-62.95,False,
151,42,FIXED,,only,U00150,0,-61.05,True,
152,42,FIXED,,only,U00151,0,-50.27,False,9.13
153,42,FIXED,,only,U00152,0,-48.46,True,
154,42,FIXED,,only,U00153,0,-43.27,True,
155,42,FIXED,,only,U00154,0,-65.2,False,
156,42,FIXED,,only,U00155,0,-26.71,True,
157,42,FIXED,,only,U00156,0,-34.18,True,
158,42,FIXED,,only,U00157,0,-63.66,True,
159,42,FIXED,,only,U00158,0,-23.3,True,
160,42,FIXED,,only,U00159,0,-81.14,True,
161,42,FIXED,,only,U00160,0,-44.93,True,
162,42,FIXED,,only,U00161,0,-53.76,False,
163,42,FIXED,,only,U00162,0,-75.61,True,
164,42,FIXED,,only,U00163,0,-49.28,True,
165,42,FIXED,,only,U00164,0,-52.7,True,
166,42,FIXED,,only,U00165,0,-38.91,True,10.92
167,42,FIXED,,only,U00166,0,-60.04,True,
168,42,FIXED,,only,U00167,0,-63.46,False,
169,42,FIXED,,only,U00168,0,-33.31,False,
170,42,FIXED,,only,U00169,0,-62.77,False,
171,42,FIXED,,only,U00170,0,-68.82,False,
172,42,FIXED,,only,U00171,0,-59.21,False,
173,42,FIXED,,only,U00172,0,-35.8,False,
174,42,FIXED,,only,U00173,0,-68.07,True,
175,42,FIXED,,only,U00174,0,-76.4,True,
176,42,FIXED,,only,U00175,0,-40.81,True,11.38
177,42,FIXED,,only,U00176,0,-15.14,False,
178,42,FIXED,,only,U00177,0,-36.67,False,
179,42,FIXED,,only,U00178,0,-50.54,False,10.31
180,42,FIXED,,only,U00179,0,-75.14,True,
181,42,FIXED,,only,U00180,0,-73.13,True,
182,42,FIXED,,only,U00181,0,-63.36,False,
183,42,FIXED,,only,U00182,0,-37.87,True,
184,42,FIXED,,only,U00183,0,-64.81,True,
185,42,FIXED,,only,U00184,0,-50.05,True,
186,42,FIXED,,only,U00185,0,-30.54,False,
187,42,FIXED,,only,U00186,0,-15.84,False,
188,42,FIXED,,only,U00187,0,-69.4,True,
189,42,FIXED,,only,U00188,0,-18.94,False,
190,42,FIXED,,only,U00189,0,-74.21,True,
191,42,FIXED,,only,U00190,0,-93.5,False,
192,42,FIXED,,only,U00191,0,-50.86,True,
193,42,FIXED,,only,U00192,0,-34.0,True,
194,42,FIXED,,only,U00193,0,-37.92,True,
195,42,FIXED,,only,U00194,0,-37.16,True,
196,42,FIXED,,only,U00195,0,-57.53,True,
197,42,FIXED,,only,U00196,0,-69.43,False,
198,42,FIXED,,only,U00197,0,-35.66,False,
199,42,FIXED,,only,U00198,0,-43.8,False,
200,42,FIXED,,only,U00199,0,-37.71,True,
201,42,FIXED,,only,U00200,0,-72.22,True,
202,42,FIXED,,only,U00201,0,-69.0,True,
203,42,FIXED,,only,U00202,0,-33.86,False,
204,42,FIXED,,only,U00203,0,-44.29,False,8.75
205,42,FIXED,,only,U00204,0,-53.37,False,
206,42,FIXED,,only,U00205,0,-15.76,False,
207,42,FIXED,,only,U00206,0,-39.83,True,11.28
208,42,FIXED,,only,U00207,0,-52.85,True,
209,42,FIXED,,only,U00208,0,-23.26,False,
210,42,FIXED,,only,U00209,0,-54.26,True,
211,42,FIXED,,only,U00210,0,-51.07,True,
212,42,FIXED,,only,U00211,0,-39.49,False,
213,42,FIXED,,only,U00212,0,-70.07,True,
214,42,FIXED,,only,U00213,0,-32.15,True,
215,42,FIXED,,only,U00214,0,-58.31,True,
216,42,FIXED,,only,U00215,0,-45.27,True,
217,42,FIXED,,only,U00216,0,-71.24,False,
218,42,FIXED,,only,U00217,0,-35.11,True,
219,42,FIXED,,only,U00218,0,-61.7,True,
220,42,FIXED,,only,U00219,0,-62.01,True,
221,42,FIXED,,only,U00220,0,-72.0,True,
222,42,FIXED,,only,U00221,0,-81.14,False,
223,42,FIXED,,only,U00222,0,-20.96,False,
224,42,FIXED,,only,U00223,0,-48.73,False,
225,42,FIXED,,only,U00224,0,-29.38,False,
226,42,FIXED,,only,U00225,0,-68.92,True,
227,42,FIXED,,only,U00226,0,-76.39,True,
228,42,FIXED,,only,U00227,0,-44.4,False,
229,42,FIXED,,only,U00228,0,-54.81,False,
230,42,FIXED,,only,U00229,0,-75.36,True,
231,42,FIXED,,only,U00230,0,-54.08,True,
232,42,FIXED,,only,U00231,0,-47.64,False,
233,42,FIXED,,only,U00232,0,-18.53,True,7.08
234,42,FIXED,,only,U00233,0,-36.49,True,
235,42,FIXED,,only,U00234,0,-69.36,False,
236,42,FIXED,,only,U00235,0,-22.05,True,
237,42,FIXED,,only,U00236,0,-55.7,True,
238,42,FIXED,,only,U00237,0,-54.35,False,
239,42,FIXED,,only,U00238,0,-49.91,True,
240,42,FIXED,,only,U00239,0,-65.48,True,
241,42,FIXED,,only,U00240,0,-35.74,True,
242,42,FIXED,,only,U00241,0,-76.85,False,
243,42,FIXED,,only,U00242,0,-41.73,False,
244,42,FIXED,,only,U00243,0,-69.7,True,
245,42,FIXED,,only,U00244,0,-38.94,False,
246,42,FIXED,,only,U00245,0,-55.18,True,
247,42,FIXED,,only,U00246,0,-43.76,True,
248,42,FIXED,,only,U00247,0,-82.52,True,
249,42,FIXED,,only,U00248,0,-30.1,False,
250,42,FIXED,,only,U00249,0,-37.96,True,
251,42,FIXED,,only,U00250,0,-78.29,True,
252,42,FIXED,,only,U00251,0,-65.74,True,
253,42,FIXED,,only,U00252,0,-49.43,True,
254,42,FIXED,,only,U00253,0,-45.16,False,
255,42,FIXED,,only,U00254,0,-25.38,False,
256,42,FIXED,,only,U00255,0,-44.9,False,
257,42,FIXED,,only,U00256,0,-57.01,True,
258,42,FIXED,,only,U00257,0,-73.36,False,
259,42,FIXED,,only,U00258,0,-68.16,True,
260,42,FIXED,,only,U00259,0,-78.13,False,
261,42,FIXED,,only,U00260,0,-57.56,True,
262,42,FIXED,,only,U00261,0,-36.45,False,
263,42,FIXED,,only,U00262,0,-43.45,False,
264,42,FIXED,,only,U00263,0,-79.71,True,
265,42,FIXED,,only,U00264,0,-52.25,False,
266,42,FIXED,,only,U00265,0,-77.4,False,
267,42,FIXED,,only,U00266,0,-19.59,True,
268,42,FIXED,,only,U00267,0,-40.73,True,
269,42,FIXED,,only,U00268,0,-34.74,True,
270,42,FIXED,,only,U00269,0,-55.19,False,
271,42,FIXED,,only,U00270,0,-34.97,False,
272,42,FIXED,,only,U00271,0,-24.56,True,
273,42,FIXED,,only,U00272,0,-48.68,False,
274,42,FIXED,,only,U00273,0,-5.93,False,
275,42,FIXED,,only,U00274,0,-38.73,True,
276,42,FIXED,,only,U00275,0,-58.38,False,
277,42,FIXED,,only,U00276,0,-27.96,True,
278,42,FIXED,,only,U00277,0,-49.13,False,
279,42,FIXED,,only,U00278,0,-33.11,True,
280,42,FIXED,,only,U00279,0,-43.48,False,
281,42,FIXED,,only,U00280,0,-54.8,False,
282,42,FIXED,,only,U00281,0,-59.2,False,
283,42,FIXED,,only,U00282,0,-58.55,False,9.39
284,42,FIXED,,only,U00283,0,-35.57,False,
285,42,FIXED,,only,U00284,0,-79.71,False,
286,42,FIXED,,only,U00285,0,-56.51,False,9.57
287,42,FIXED,,only,U00286,0,-37.62,True,
288,42,FIXED,,only,U00287,0,-76.15,False,
289,42,FIXED,,only,U00288,0,-42.5,True,
290,42,FIXED,,only,U00289,0,-88.21,True,10.11
291,42,FIXED,,only,U00290,0,-66.66,True,
292,42,FIXED,,only,U00291,0,-48.19,False,
293,42,FIXED,,only,U00292,0,-40.94,True,
294,42,FIXED,,only,U00293,0,-34.09,True,
295,42,FIXED,,only,U00294,0,-35.08,False,
296,42,FIXED,,only,U00295,0,-44.92,False,
297,42,FIXED,,only,U00296,0,-76.57,False,
298,42,FIXED,,only,U00297,0,-53.85,False,
299,42,FIXED,,only,U00298,0,-48.78,False,9.28
300,42,FIXED,,only,U00299,0,-58.63,False,
