product_id,label_id
50000,707
50001,702
50003,701
50004,707
50004,701
50005,706
50005,701
50005,707
50005,702
50006,701
50006,707
50007,700
50008,701
50008,703
50008,702
50008,707
50009,701
50009,702
50010,703
50010,706
50011,707
50011,704
50012,705
50012,701
50013,701
50013,704
50014,701
50014,704
50015,702
50015,701
50015,707
50015,706
50015,700
50016,701
50016,705
50017,706
50018,703
50019,701
50020,700
50020,702
50020,707
50021,707
50021,706
50021,704
50022,703
50022,702
50025,704
50025,702
50026,701
50028,706
50028,707
50029,701
50030,707
50030,702
50030,704
50030,706
50031,704
50032,706
50033,703
50033,705
50033,701
50034,703
50035,701
50035,707
50037,702
50037,707
50038,707
50039,704
50039,706
50040,706
50041,704
50042,707
50042,701
50043,702
50044,707
50045,703
50045,704
50045,705
50045,701
50046,703
50046,701
50047,707
50047,703
50047,704
50047,701
50047,700
50048,704
50048,707
50048,702
50048,703
50050,703
50051,701
50053,701
50054,706
50055,701
50056,703
50056,707
50058,707
50058,704
50058,703
50058,701
50059,700
50059,701
50060,701
50060,700
50060,707
50063,707
50064,705
50064,704
50066,701
50066,703
50066,706
50067,701
50068,701
50069,707
50069,701
50069,703
50069,704
50071,704
50072,707
50073,706
50074,701
50076,701
50076,707
50076,704
50078,701
50080,707
50080,702
50080,704
50081,701
50081,704
50081,705
50082,703
50083,707
50083,701
50084,702
50084,704
50084,706
50085,706
50085,703
50085,707
50087,701
50088,703
50088,706
50088,707
50088,701
50090,707
50091,701
50091,707
50091,703
50091,706
50094,707
50094,702
50095,706
50095,701
50095,707
50096,707
50097,701
50098,707
50098,701
50098,703
50098,704
50099,704
50099,702
50100,701
50100,702
50101,701
50101,707
50101,703
50102,701
50102,707
50103,701
50103,704
50105,707
50106,701
50106,707
50106,705
50106,702
50107,701
50107,703
50108,701
50108,702
50109,707
50109,701
50109,706
50109,704
50111,707
50111,702
50111,703
50113,707
50115,701
50115,703
50116,703
50117,701
50118,701
50118,707
50119,707
50119,701
50119,703
50119,700
50120,704
50120,707
50121,707
50121,703
50121,705
50121,702
50122,704
50122,703
50122,702
50122,701
50123,702
50124,707
50125,707
50125,701
50126,706
50126,704
50127,701
50128,706
50129,704
50130,707
50130,702
50131,701
50131,702
50132,703
50132,707
50132,704
50134,701
50134,707
50135,703
50135,704
50136,706
50137,707
50137,706
50137,704
50138,702
50141,702
50141,701
50142,706
50142,701
50142,707
50142,703
50143,706
50144,701
50144,702
50144,704
50145,703
50145,707
50145,704
50146,706
50146,702
50147,707
50147,706
50150,703
50150,707
50150,701
50151,707
50151,706
50152,705
50154,701
50155,705
50155,701
50156,703
50159,706
50159,703
50160,701
50160,703
50161,707
50161,701
50161,703
50161,706
50161,702
50162,705
50162,707
50162,706
50163,707
50163,706
50164,707
50164,706
50165,703
50166,707
50167,706
50167,704
50168,701
50168,706
50168,705
50168,702
50170,704
50170,707
50171,701
50172,707
50173,707
50173,706
50174,701
50174,706
50175,706
50175,702
50177,705
50177,704
50177,703
50178,701
50178,702
50178,706
50180,704
50181,705
50181,707
50181,703
50182,703
50182,701
50183,707
50184,703
50184,706
50187,704
50187,707
50188,707
50188,701
50188,703
50189,707
50190,706
50191,703
50191,707
50191,701
50191,706
50192,704
50192,702
50192,703
50192,707
50192,701
50192,705
50193,707
50194,703
50195,707
50195,706
50196,704
50196,701
50197,703
50197,702
50198,702
50198,707
50198,706
50199,701
50199,707
50200,706
50200,701
50200,703
50201,702
50201,701
50201,703
50203,702
50203,707
50203,706
50203,703
50204,701
50204,707
50204,702
50205,703
50206,706
50207,702
50207,701
50207,703
50207,706
50208,707
50208,703
50208,701
50208,702
50209,707
50210,702
50210,701
50210,707
50211,701
50211,707
50211,706
50211,702
50212,707
50213,701
50214,701
50214,707
50214,700
50214,706
50215,703
50215,704
50215,701
50217,701
50217,702
50219,701
50220,701
50220,707
50221,705
50221,701
50221,704
50222,702
50222,706
50222,701
50223,701
50224,706
50225,705
50225,703
50226,707
50226,701
50227,701
50227,707
50229,707
50229,700
50230,700
50230,707
50231,705
50231,707
50231,701
50232,704
50232,701
50233,702
50235,700
50235,704
50236,707
50237,703
50237,705
50238,703
50238,704
50238,701
50238,707
50240,706
50240,701
50240,703
50241,701
50241,707
50241,702
50241,700
50243,706
50244,703
50244,706
50246,701
50246,703
50246,702
50248,707
50248,701
50249,707
50249,701
50249,706
50250,702
50250,701
50250,707
50250,700
50250,703
50250,706
50250,705
50251,701
50252,700
50252,707
50252,701
50252,704
50253,704
50254,704
50254,707
50254,703
50256,707
50256,702
50257,707
50257,700
50258,703
50258,701
50258,702
50259,701
50260,707
50260,703
50260,701
50261,701
50263,701
50263,707
50264,706
50265,706
50265,701
50265,703
50265,707
50265,705
50265,702
50268,701
50268,703
50269,706
50269,704
50269,701
50270,702
50270,706
50270,700
50270,701
50271,703
50271,701
50272,701
50272,705
50273,701
50273,702
50274,704
50274,706
50276,701
50278,706
50279,703
50280,701
50280,707
50280,704
50280,706
50281,704
50281,707
50281,701
50281,706
50283,701
50283,704
50284,701
50284,705
50284,706
50285,701
50285,706
50285,704
50287,707
50289,704
50289,707
50289,701
50290,704
50290,701
50290,703
50290,702
50291,701
50292,701
50293,703
50293,701
50293,707
50293,702
50296,707
50296,700
50297,705
50297,707
50300,703
50300,704
50300,707
50300,701
50300,706
50302,707
50303,705
50303,707
50303,703
50303,701
50304,704
50305,706
50305,701
50306,700
50306,702
50306,706
50307,707
50307,703
50307,701
50307,702
50308,706
50310,702
50310,703
50311,706
50311,707
50312,701
50313,707
50313,701
50313,705
50314,701
50315,704
50316,701
50316,700
50317,706
50317,701
50317,703
50317,704
50318,703
50319,706
50319,703
50319,702
50320,707
50321,701
50322,706
50324,707
50325,707
50325,703
50325,706
50326,707
50326,705
50327,704
50327,705
50328,707
50329,704
50329,707
50329,701
50329,705
50330,704
50330,703
50330,706
50330,707
50331,701
50331,706
50331,707
50331,702
50331,705
50332,702
50333,703
50334,703
50334,706
50335,706
50335,707
50335,703
50335,701
50336,706
50336,701
50336,707
50338,707
50342,703
50342,701
50343,707
50343,701
50343,702
50343,705
50344,701
50344,707
50345,706
50346,707
50346,701
50347,703
50348,701
50349,704
50349,707
50349,701
50349,700
50350,704
50350,701
50351,707
50351,704
50351,706
50354,701
50354,707
50355,702
50357,703
50357,700
50358,707
50359,701
50360,701
50360,707
50360,704
50360,702
50361,704
50361,707
50362,705
50363,702
50364,700
50366,707
50366,703
50367,705
50367,701
50368,703
50370,707
50370,701
50371,707
50372,701
50372,707
50372,703
50373,707
50374,706
50375,707
50375,701
50375,703
50376,707
50376,702
50377,702
50377,707
50377,701
50378,704
50378,706
50378,702
50380,703
50381,703
50382,703
50383,706
50385,706
50386,707
50386,705
50386,701
50386,706
50387,703
50387,707
50389,706
50389,702
50389,701
50390,707
50390,706
50390,703
50392,707
50394,701
50394,706
50394,707
50395,701
50395,706
50395,707
50395,705
50395,704
50395,702
50396,707
50397,707
50398,702
50398,707
50399,702
50399,701
50400,707
50400,701
50401,707
50402,701
50403,701
50403,707
50404,706
50404,701
50404,707
50405,706
50405,703
50405,707
50405,705
50406,706
50406,701
50407,707
50409,703
50410,707
50410,704
50410,703
50410,701
50411,701
50411,702
50412,707
50412,700
50413,701
50415,701
50415,702
50416,701
50416,707
50417,703
50417,701
50418,704
50420,706
50421,704
50421,706
50421,703
50421,701
50422,707
50422,704
50422,701
50423,701
50423,703
50424,703
50425,701
50425,704
50426,706
50427,703
50428,706
50429,707
50430,706
50430,707
50432,703
50434,701
50435,707
50435,701
50436,703
50437,702
50437,705
50438,703
50439,701
50441,701
50441,703
50442,706
50442,704
50442,701
50445,707
50445,702
50445,705
50446,706
50446,707
50447,707
50447,703
50448,707
50449,701
50449,707
50451,703
50452,706
50452,703
50452,701
50452,704
50452,705
50453,703
50454,701
50454,707
50457,701
50457,702
50459,700
50459,705
50459,707
50459,701
50460,705
50461,701
50461,703
50461,702
50462,701
50464,706
50464,703
50464,701
50464,707
50464,704
50465,704
50467,706
50467,702
50467,701
50467,703
50468,707
50468,701
50469,703
50469,706
50471,703
50471,704
50473,701
50474,701
50474,703
50475,702
50475,705
50476,706
50477,706
50477,707
50479,704
50480,704
50481,703
50481,707
50481,706
50482,702
50482,701
50482,704
50483,707
50484,704
50484,707
50485,707
50485,703
50485,706
50485,701
50485,700
50486,706
50486,701
50486,704
50486,703
50487,701
50487,707
50488,701
50488,707
50489,701
50489,707
50489,705
50490,701
50491,704
50494,702
50497,707
50499,704
50500,702
50500,706
50501,701
50502,703
50503,702
50503,706
50503,701
50504,707
50504,706
50505,707
50505,703
50506,705
50507,701
50508,703
50508,706
50509,703
50509,706
50510,707
50510,701
50511,703
50512,704
50513,701
50513,703
50514,700
50514,707
50515,700
50516,707
50516,702
50518,703
50518,707
50518,702
50520,707
50521,701
50522,706
50522,703
50522,704
50522,701
50524,701
50524,704
50524,707
50525,704
50525,707
50526,703
50527,701
50528,701
50529,706
50530,701
50531,703
50532,706
50533,704
50533,706
50533,701
50533,707
50534,700
50534,701
50534,706
50536,707
50536,701
50536,703
50537,707
50537,706
50538,701
50539,706
50541,707
50541,703
50542,704
50543,705
50544,704
50545,701
50546,702
50547,701
50547,703
50547,702
50548,707
50548,701
50548,706
50549,701
50549,707
50550,700
50550,707
50550,701
50551,701
50551,706
50551,700
50551,707
50551,702
50552,707
50553,707
50553,705
50553,703
50553,701
50553,700
50554,705
50554,703
50555,707
50555,703
50556,703
50558,701
50558,707
50558,706
50558,703
50559,701
50559,704
50560,707
50560,701
50561,703
50562,707
50562,706
50562,705
50563,707
50564,703
50564,707
50565,701
50566,707
50567,703
50568,701
50569,701
50570,703
50570,707
50571,707
50572,707
50572,701
50573,707
50574,703
50574,707
50576,703
50576,702
50577,707
50579,701
50579,702
50580,707
50580,702
50580,706
50581,701
50582,706
50582,707
50582,703
50584,707
50584,706
50585,701
50586,703
50586,701
50588,703
50589,701
50590,701
50590,700
50590,707
50591,703
50592,707
50593,703
50593,706
50593,702
50594,707
50594,702
50594,701
50595,704
50595,707
50595,706
50595,703
50596,701
50597,702
