product_id,shop_id,title,price,stock
50000,3000,Robust systemic toolset,7.97,351
50001,3000,Versatile upward-trending toolset,21.57,9
50002,3000,Persevering asynchronous firmware,16.77,229
50003,3000,Open-source cohesive archive,9.78,49
50004,3000,Grass-roots fault-tolerant firmware,34.36,28
50005,3000,Expanded multi-state secured line,6.6,236
50006,3000,Persistent tangible task-force,36.42,84
50007,3001,Digitized transitional circuit,23.93,312
50008,3001,Re-contextualized bottom-line support,16.69,335
50009,3001,Streamlined stable methodology,13.75,301
50010,3001,Persistent attitude-oriented adapter,45.3,382
50011,3001,Pre-emptive transitional frame,19.65,23
50012,3001,Universal mission-critical neural-net,20.37,197
50013,3001,Realigned asynchronous alliance,34.99,309
50014,3001,Horizontal disintermediate access,23.25,167
50015,3001,Open-architected even-keeled monitoring,17.62,323
50016,3001,Advanced maximized alliance,24.05,300
50017,3001,Customizable multi-tasking architecture,16.07,253
50018,3001,Open-source modular access,42.77,334
50019,3001,Cross-platform clear-thinking capability,35.36,165
50020,3001,User-friendly 6thgeneration function,11.93,51
50021,3001,Total fresh-thinking info-mediaries,20.71,285
50022,3001,Advanced needs-based throughput,17.5,178
50023,3001,Team-oriented impactful framework,13.89,378
50024,3001,Upgradable reciprocal emulation,15.37,129
50025,3002,Synchronized modular flexibility,19.43,206
50026,3003,Public-key clear-thinking implementation,68.61,227
50027,3004,De-engineered multi-tasking neural-net,23.69,215
50028,3004,Programmable neutral flexibility,19.37,200
50029,3004,Customizable real-time circuit,12.55,168
50030,3004,User-friendly incremental policy,25.37,253
50031,3004,Open-architected real-time challenge,54.48,199
50032,3005,Customizable heuristic website,52.73,34
50033,3005,Multi-layered incremental help-desk,42.55,341
50034,3005,Extended explicit database,39.89,110
50035,3005,Diverse regional throughput,30.87,133
50036,3005,Advanced asymmetric circuit,55.29,333
50037,3005,Implemented bandwidth-monitored leverage,15.57,34
50038,3006,Vision-oriented impactful frame,29.63,206
50039,3006,Vision-oriented tangible architecture,8.66,102
50040,3006,Streamlined mobile capability,33.67,233
50041,3006,Advanced exuding website,18.06,382
50042,3006,Robust 6thgeneration protocol,25.85,235
50043,3006,Multi-channeled fault-tolerant orchestration,5.76,220
50044,3006,Reverse-engineered bi-directional extranet,14.69,325
50045,3006,Proactive clear-thinking encoding,18.82,346
50046,3006,Decentralized optimizing algorithm,9.73,121
50047,3006,Automated multimedia array,23.43,340
50048,3006,Innovative dynamic hierarchy,61.82,106
50049,3006,Digitized clear-thinking secured line,54.15,230
50050,3006,Intuitive logistical functionalities,36.66,254
50051,3007,Upgradable client-driven matrix,45.51,181
50052,3007,Future-proofed reciprocal installation,15.96,280
50053,3007,Fully-configurable real-time portal,8.29,346
50054,3007,Up-sized bandwidth-monitored frame,12.73,307
50055,3007,Devolved 24hour knowledge user,32.8,331
50056,3007,Persistent stable contingency,8.99,211
50057,3007,Organized composite attitude,26.4,143
50058,3008,Self-enabling logistical access,24.58,88
50059,3008,Expanded interactive capacity,19.69,381
50060,3008,Re-engineered methodical synergy,9.37,2
50061,3009,Innovative disintermediate protocol,32.92,244
50062,3009,Reduced user-facing methodology,22.85,370
50063,3009,Exclusive bifurcated knowledgebase,23.81,148
50064,3009,Persistent cohesive project,51.32,255
50065,3009,Organic human-resource matrices,3.58,103
50066,3010,Mandatory attitude-oriented capability,10.25,195
50067,3011,Function-based real-time help-desk,17.91,198
50068,3011,Streamlined 24hour website,41.93,334
50069,3011,Virtual interactive open system,31.91,144
50070,3011,Optimized next generation support,17.45,211
50071,3011,Reduced cohesive methodology,25.89,280
50072,3011,Automated bifurcated pricing structure,11.32,241
50073,3011,Multi-tiered high-level open system,20.21,281
50074,3011,Polarized directional secured line,35.52,279
50075,3011,Secured upward-trending moderator,18.37,43
50076,3011,Multi-layered responsive focus group,55.59,86
50077,3011,Down-sized 4thgeneration database,29.91,202
50078,3011,Cloned dedicated encoding,23.21,373
50079,3011,Progressive asynchronous superstructure,22.41,63
50080,3011,Devolved demand-driven installation,15.83,39
50081,3011,Inverse background synergy,10.96,232
50082,3011,Profound leadingedge database,11.6,176
50083,3012,Persistent didactic capability,28.69,45
50084,3012,Quality-focused non-volatile hardware,29.23,265
50085,3012,User-friendly demand-driven parallelism,38.96,14
50086,3012,Triple-buffered uniform complexity,27.68,336
50087,3012,Business-focused bottom-line focus group,13.02,24
50088,3012,Decentralized asynchronous forecast,28.37,165
50089,3012,Extended user-facing focus group,9.86,78
50090,3012,Open-source zero tolerance parallelism,18.16,72
50091,3012,Multi-channeled empowering product,21.07,126
50092,3012,Multi-layered multimedia framework,61.0,224
50093,3012,Inverse asynchronous help-desk,26.94,196
50094,3012,Networked 5thgeneration forecast,22.32,368
50095,3012,Synchronized encompassing functionalities,21.52,82
50096,3013,Organized tertiary challenge,21.16,279
50097,3013,Visionary logistical policy,12.96,348
50098,3013,Re-contextualized didactic open architecture,19.34,124
50099,3013,Advanced contextually-based capacity,22.83,127
50100,3013,Persevering regional flexibility,7.36,0
50101,3013,Reduced local firmware,21.03,115
50102,3013,Multi-tiered asynchronous time-frame,23.27,93
50103,3013,Enhanced modular software,19.84,97
50104,3013,User-friendly mission-critical standardization,27.93,355
50105,3014,Visionary zero tolerance frame,40.18,105
50106,3014,Reverse-engineered holistic service-desk,80.52,82
50107,3015,Synergistic neutral portal,25.51,374
50108,3015,Upgradable holistic project,9.69,35
50109,3015,Digitized high-level installation,7.69,162
50110,3016,Synergized composite collaboration,12.27,86
50111,3017,Virtual zero tolerance Graphic Interface,10.66,274
50112,3017,Configurable secondary monitoring,20.85,96
50113,3017,Profit-focused zero-defect throughput,13.31,17
50114,3017,Switchable leadingedge productivity,26.1,201
50115,3018,Synchronized uniform middleware,45.24,209
50116,3019,Innovative multi-tasking intranet,30.53,393
50117,3019,Synergistic system-worthy moderator,27.13,121
50118,3020,Managed disintermediate time-frame,13.77,139
50119,3020,Realigned real-time definition,38.59,217
50120,3020,Profit-focused holistic policy,7.9,242
50121,3021,Upgradable object-oriented complexity,66.35,40
50122,3021,Operative intangible attitude,5.41,187
50123,3022,Persistent holistic encoding,6.45,294
50124,3022,Configurable 3rdgeneration software,5.32,27
50125,3022,Face-to-face interactive encoding,10.21,198
50126,3022,Re-engineered uniform instruction set,14.41,71
50127,3023,Fundamental solution-oriented secured line,18.26,75
50128,3023,Devolved motivating access,33.76,252
50129,3024,Profound high-level time-frame,22.14,377
50130,3024,Multi-channeled intangible intranet,29.95,363
50131,3025,Balanced tertiary archive,19.5,294
50132,3025,Face-to-face bifurcated pricing structure,31.86,190
50133,3025,Profound grid-enabled system engine,21.24,69
50134,3026,Team-oriented stable policy,16.71,209
50135,3026,Managed web-enabled paradigm,31.36,208
50136,3026,Reduced 24/7 approach,9.2,338
50137,3026,Assimilated responsive protocol,25.27,361
50138,3026,Sharable non-volatile attitude,24.65,118
50139,3026,Distributed coherent focus group,55.74,262
50140,3026,Public-key systemic Graphic Interface,39.0,191
50141,3026,Progressive 3rdgeneration paradigm,54.0,238
50142,3027,Assimilated user-facing monitoring,13.36,94
50143,3027,Diverse didactic open system,39.71,274
50144,3027,Polarized scalable support,16.78,58
50145,3027,Configurable client-driven website,10.35,249
50146,3027,Fundamental demand-driven Internet solution,7.3,397
50147,3027,Configurable executive protocol,26.98,60
50148,3027,Multi-lateral uniform paradigm,28.49,32
50149,3027,Implemented fault-tolerant software,42.0,296
50150,3027,Networked multi-state time-frame,8.66,235
50151,3027,Cloned asymmetric parallelism,14.02,222
50152,3027,User-friendly multi-tasking infrastructure,35.54,40
50153,3027,Organic content-based software,11.36,281
50154,3027,Organized heuristic parallelism,6.13,273
50155,3027,Customer-focused bottom-line function,39.22,328
50156,3027,Upgradable user-facing matrices,23.6,146
50157,3027,Horizontal high-level framework,47.28,294
50158,3027,Managed fresh-thinking project,23.2,338
50159,3027,Decentralized didactic Internet solution,25.11,83
50160,3027,Sharable dynamic knowledge user,19.18,395
50161,3028,Networked analyzing matrix,26.67,29
50162,3028,Function-based background approach,40.84,138
50163,3028,Universal bandwidth-monitored circuit,35.08,359
50164,3028,Focused real-time conglomeration,10.31,24
50165,3028,Sharable object-oriented secured line,24.74,92
50166,3028,Future-proofed holistic workforce,22.4,74
50167,3028,User-centric modular access,10.99,360
50168,3028,Down-sized dynamic project,22.21,269
50169,3028,Diverse encompassing projection,21.43,345
50170,3028,Customer-focused responsive hardware,19.43,316
50171,3028,Triple-buffered zero-defect success,24.58,255
50172,3028,Adaptive static attitude,14.97,366
50173,3028,Visionary multi-state website,31.17,200
50174,3028,Ergonomic mobile model,51.29,362
50175,3028,Proactive composite encoding,33.52,126
50176,3028,Multi-tiered multimedia software,29.05,221
50177,3029,Ergonomic 24hour Graphical User Interface,73.4,39
50178,3030,Expanded value-added neural-net,13.74,23
50179,3030,Cross-platform background access,24.45,371
50180,3030,Organized holistic benchmark,53.66,320
50181,3030,Implemented next generation orchestration,13.69,97
50182,3030,Intuitive multi-tasking moderator,7.02,107
50183,3030,Object-based bi-directional application,24.12,383
50184,3030,Streamlined 24hour knowledge user,30.58,18
50185,3030,Pre-emptive cohesive process improvement,24.18,26
50186,3030,Cross-platform bandwidth-monitored capability,26.18,295
50187,3031,Configurable zero tolerance Graphic Interface,5.82,186
50188,3031,Fundamental demand-driven moratorium,24.85,245
50189,3031,Centralized didactic hierarchy,14.38,3
50190,3032,Re-engineered reciprocal ability,14.03,31
50191,3032,Intuitive 24hour workforce,12.91,141
50192,3032,Synchronized client-server initiative,10.63,238
50193,3032,Enhanced solution-oriented alliance,49.9,68
50194,3032,Synchronized dynamic neural-net,9.19,337
50195,3032,Extended optimizing Graphic Interface,10.66,378
50196,3032,Up-sized non-volatile budgetary management,25.67,361
50197,3033,Right-sized cohesive secured line,48.18,366
50198,3034,Synergized incremental intranet,19.61,8
50199,3034,Streamlined optimizing architecture,14.03,79
50200,3034,Expanded logistical analyzer,40.49,188
50201,3034,Persevering logistical artificial intelligence,12.19,71
50202,3034,Virtual asynchronous pricing structure,17.61,113
50203,3034,Versatile analyzing leverage,25.85,150
50204,3035,Profit-focused grid-enabled functionalities,13.77,300
50205,3035,Switchable full-range orchestration,65.52,243
50206,3035,Optional disintermediate implementation,10.16,35
50207,3035,Sharable uniform middleware,10.91,260
50208,3035,Universal content-based portal,17.04,121
50209,3035,Down-sized actuating parallelism,17.0,290
50210,3036,Assimilated transitional adapter,23.86,369
50211,3037,Universal needs-based framework,8.88,207
50212,3037,Enterprise-wide asymmetric Graphic Interface,5.92,142
50213,3037,Secured multimedia time-frame,42.65,190
50214,3037,Public-key encompassing service-desk,18.1,262
50215,3038,Decentralized demand-driven extranet,49.21,104
50216,3038,Team-oriented full-range frame,10.94,146
50217,3038,Future-proofed modular product,13.36,36
50218,3038,Centralized local product,22.67,97
50219,3038,Mandatory local productivity,15.78,336
50220,3038,Distributed bottom-line info-mediaries,19.31,91
50221,3038,Innovative systematic intranet,8.38,354
50222,3039,Persevering explicit budgetary management,17.34,219
50223,3039,Object-based high-level Internet solution,19.07,295
50224,3039,Versatile asynchronous ability,34.09,257
50225,3040,Implemented full-range standardization,23.42,135
50226,3040,Managed 5thgeneration capacity,16.09,355
50227,3041,Polarized radical installation,11.38,253
50228,3041,Triple-buffered non-volatile frame,30.32,64
50229,3041,Implemented directional groupware,41.79,222
50230,3041,Enhanced grid-enabled task-force,80.31,6
50231,3042,Fully-configurable radical projection,28.56,316
50232,3042,Multi-tiered scalable Graphical User Interface,22.69,186
50233,3042,Synergistic national application,47.05,83
50234,3043,Progressive fresh-thinking hierarchy,16.98,305
50235,3043,Switchable 24hour forecast,8.75,280
50236,3043,User-friendly homogeneous structure,37.19,234
50237,3043,Seamless hybrid data-warehouse,28.05,174
50238,3043,Reduced client-server knowledge user,7.2,219
50239,3044,Customer-focused reciprocal parallelism,7.76,216
50240,3044,Reduced asymmetric moderator,10.0,388
50241,3045,Proactive next generation installation,13.25,371
50242,3046,Focused mobile project,53.32,262
50243,3046,Implemented content-based matrices,13.78,385
50244,3046,Face-to-face 3rdgeneration conglomeration,12.72,202
50245,3046,Re-contextualized transitional access,31.57,356
50246,3046,Innovative intangible protocol,12.31,276
50247,3046,Enhanced zero administration pricing structure,15.5,299
50248,3047,Distributed secondary migration,25.73,293
50249,3047,Compatible clear-thinking budgetary management,36.59,383
50250,3048,Digitized modular extranet,10.78,265
50251,3048,Programmable stable monitoring,15.27,18
50252,3048,Persistent regional analyzer,65.21,168
50253,3048,Centralized coherent Internet solution,25.03,34
50254,3048,Object-based uniform approach,10.82,38
50255,3049,Switchable responsive leverage,13.1,278
50256,3049,Polarized maximized productivity,53.82,55
50257,3049,Horizontal homogeneous focus group,22.02,285
50258,3049,Right-sized clear-thinking approach,13.05,98
50259,3049,Cross-group bandwidth-monitored attitude,15.22,43
50260,3049,Persevering impactful initiative,27.73,40
50261,3049,Fully-configurable tertiary emulation,25.6,71
50262,3050,Mandatory even-keeled flexibility,13.07,277
50263,3051,Grass-roots national matrix,18.25,370
50264,3051,Ameliorated global Internet solution,34.52,293
50265,3051,Re-contextualized explicit structure,32.35,56
50266,3051,Fully-configurable cohesive capacity,24.7,249
50267,3051,Reduced empowering contingency,41.5,168
50268,3051,Balanced leadingedge success,10.65,323
50269,3051,Quality-focused static Graphical User Interface,15.36,122
50270,3052,Customer-focused value-added encoding,16.09,107
50271,3052,Focused maximized secured line,14.64,162
50272,3053,Synergistic contextually-based matrices,10.78,226
50273,3053,Automated asynchronous frame,10.11,290
50274,3054,Persevering attitude-oriented groupware,20.48,78
50275,3054,Function-based 5thgeneration functionalities,19.13,312
50276,3054,Profound web-enabled complexity,7.78,12
50277,3054,User-centric heuristic definition,35.97,55
50278,3054,Cross-platform global success,10.03,279
50279,3055,Configurable upward-trending middleware,35.28,178
50280,3055,Progressive 5thgeneration utilization,18.18,1
50281,3055,Reduced mobile help-desk,16.41,144
50282,3056,User-centric multi-tasking intranet,8.38,233
50283,3056,Cross-group discrete Local Area Network,19.51,301
50284,3056,Automated stable array,24.14,37
50285,3056,Universal heuristic algorithm,15.21,180
50286,3056,Sharable tertiary firmware,69.97,363
50287,3056,Open-source system-worthy functionalities,53.11,379
50288,3056,Managed web-enabled migration,10.14,128
50289,3056,Object-based dynamic focus group,25.31,119
50290,3056,Re-contextualized bi-directional workforce,34.35,294
50291,3056,Multi-tiered stable time-frame,13.58,0
50292,3056,Ameliorated disintermediate software,21.51,11
50293,3056,Function-based mission-critical monitoring,4.4,249
50294,3056,Switchable incremental process improvement,7.86,55
50295,3056,Extended composite standardization,33.6,398
50296,3057,Object-based static infrastructure,62.27,370
50297,3057,Re-engineered fault-tolerant success,8.24,233
50298,3057,Streamlined encompassing forecast,11.01,346
50299,3057,Enterprise-wide coherent array,12.13,160
50300,3057,Innovative eco-centric hardware,11.3,193
50301,3057,Self-enabling responsive Internet solution,12.67,238
50302,3057,Diverse cohesive parallelism,6.3,15
50303,3057,Proactive encompassing framework,12.99,239
50304,3057,Profit-focused bottom-line migration,43.52,387
50305,3058,Optimized mobile database,19.33,97
50306,3058,Function-based bandwidth-monitored toolset,38.1,128
50307,3058,Programmable maximized moratorium,22.89,281
50308,3059,Programmable human-resource moderator,18.09,239
50309,3059,Public-key 4thgeneration strategy,30.14,338
50310,3059,Extended multi-tasking database,18.05,15
50311,3059,Exclusive context-sensitive architecture,20.2,210
50312,3060,Decentralized scalable array,35.63,308
50313,3060,Profit-focused radical infrastructure,14.07,366
50314,3060,Versatile attitude-oriented conglomeration,18.39,373
50315,3060,Quality-focused motivating task-force,15.71,380
50316,3060,Compatible bandwidth-monitored productivity,19.12,119
50317,3060,Adaptive reciprocal array,12.35,43
50318,3061,Team-oriented grid-enabled data-warehouse,24.01,31
50319,3061,Object-based hybrid groupware,16.77,64
50320,3061,Pre-emptive asymmetric policy,75.05,272
50321,3061,Innovative zero-defect project,30.83,212
50322,3062,Persistent optimal Internet solution,23.9,198
50323,3062,Triple-buffered hybrid artificial intelligence,30.55,210
50324,3062,Integrated tangible challenge,39.26,202
50325,3062,Object-based optimal moratorium,27.36,150
50326,3063,Ergonomic intangible customer loyalty,112.56,313
50327,3064,Programmable optimizing contingency,17.88,297
50328,3064,Proactive clear-thinking database,28.58,183
50329,3064,Distributed disintermediate synergy,12.37,201
50330,3064,Stand-alone dedicated solution,15.11,87
50331,3064,Enhanced fresh-thinking neural-net,17.18,7
50332,3064,Reverse-engineered fresh-thinking attitude,20.91,379
50333,3064,Open-source logistical function,23.23,91
50334,3064,Diverse mobile artificial intelligence,16.16,339
50335,3064,Virtual mobile database,29.93,94
50336,3065,Ergonomic systemic parallelism,10.65,111
50337,3065,Future-proofed multi-state pricing structure,10.49,368
50338,3065,Quality-focused systemic installation,24.8,53
50339,3066,Synergized radical parallelism,17.76,85
50340,3066,Object-based fresh-thinking workforce,42.72,7
50341,3066,Fully-configurable non-volatile orchestration,16.76,216
50342,3066,Focused next generation matrices,19.5,40
50343,3067,Realigned 5thgeneration neural-net,55.12,154
50344,3067,Proactive systematic database,10.42,373
50345,3067,Distributed multimedia monitoring,21.31,65
50346,3067,Compatible intangible infrastructure,41.31,129
50347,3067,Phased zero tolerance extranet,10.14,194
50348,3067,Extended solution-oriented approach,56.67,365
50349,3067,Cloned reciprocal model,38.9,31
50350,3067,Visionary explicit alliance,18.9,380
50351,3067,Operative logistical core,20.49,43
50352,3067,Future-proofed composite knowledge user,10.59,52
50353,3068,Open-source foreground superstructure,17.35,104
50354,3068,Visionary impactful complexity,10.91,25
50355,3068,Integrated value-added functionalities,13.4,316
50356,3068,Visionary bottom-line circuit,27.81,102
50357,3068,Open-architected 3rdgeneration protocol,39.74,394
50358,3068,Enterprise-wide demand-driven superstructure,39.28,166
50359,3068,Business-focused bottom-line benchmark,28.68,185
50360,3069,Expanded reciprocal pricing structure,33.12,390
50361,3069,Team-oriented 4thgeneration system engine,11.55,83
50362,3069,Focused didactic archive,3.54,56
50363,3070,Advanced full-range initiative,12.35,203
50364,3070,Seamless dynamic hierarchy,34.8,3
50365,3070,Reverse-engineered eco-centric groupware,28.18,172
50366,3070,Configurable asymmetric productivity,15.65,311
50367,3070,Self-enabling user-facing hub,15.48,232
50368,3071,Inverse zero-defect project,18.53,172
50369,3071,Synchronized even-keeled structure,32.78,278
50370,3072,Assimilated multi-tasking capacity,42.65,311
50371,3072,Phased demand-driven knowledge user,15.41,182
50372,3072,Pre-emptive scalable collaboration,15.58,74
50373,3072,Re-engineered 5thgeneration workforce,16.47,210
50374,3072,Face-to-face bottom-line archive,7.52,382
50375,3072,Extended zero tolerance strategy,31.97,237
50376,3072,Multi-channeled local customer loyalty,21.7,137
50377,3072,Business-focused content-based approach,14.91,93
50378,3072,Ergonomic demand-driven structure,37.82,161
50379,3072,Upgradable optimizing frame,27.12,259
50380,3072,Upgradable solution-oriented algorithm,21.1,234
50381,3072,Programmable clear-thinking Graphic Interface,27.58,236
50382,3073,Fundamental motivating archive,15.24,125
50383,3073,Triple-buffered impactful data-warehouse,17.62,5
50384,3074,Assimilated local parallelism,21.24,201
50385,3074,Visionary content-based installation,15.65,309
50386,3074,Automated heuristic collaboration,14.31,106
50387,3075,Inverse modular hardware,6.97,0
50388,3076,Persistent 6thgeneration initiative,25.81,114
50389,3076,Profit-focused systemic attitude,3.13,115
50390,3076,Self-enabling discrete info-mediaries,10.48,382
50391,3076,Face-to-face asymmetric open system,5.23,50
50392,3076,Inverse multi-state hub,26.28,377
50393,3076,User-friendly dynamic matrix,26.83,325
50394,3076,Stand-alone secondary standardization,35.6,346
50395,3076,Optimized optimizing throughput,33.73,204
50396,3076,Future-proofed non-volatile contingency,30.74,336
50397,3076,Enterprise-wide client-driven moratorium,21.27,355
50398,3076,Ameliorated hybrid matrix,7.43,397
50399,3076,Down-sized demand-driven matrix,36.99,336
50400,3076,Configurable object-oriented utilization,37.63,227
50401,3076,Front-line 4thgeneration definition,8.04,76
50402,3077,Fully-configurable fault-tolerant challenge,6.13,282
50403,3077,Upgradable user-facing parallelism,24.76,29
50404,3077,Inverse reciprocal artificial intelligence,63.52,116
50405,3077,Cloned tangible neural-net,68.29,231
50406,3077,Centralized multimedia adapter,33.21,132
50407,3077,Customer-focused multi-state adapter,16.42,168
50408,3078,Customer-focused eco-centric task-force,39.28,359
50409,3078,Optional analyzing extranet,28.35,178
50410,3078,Streamlined grid-enabled infrastructure,15.69,307
50411,3078,Persistent demand-driven infrastructure,14.39,237
50412,3079,Business-focused full-range implementation,12.93,223
50413,3079,Assimilated object-oriented policy,2.9,284
50414,3079,Customer-focused logistical Internet solution,38.15,192
50415,3079,Upgradable scalable protocol,14.01,208
50416,3079,Public-key national solution,29.96,288
50417,3080,Streamlined asymmetric solution,29.27,20
50418,3081,Organized scalable architecture,21.22,269
50419,3081,Universal intangible open architecture,11.31,77
50420,3081,Digitized hybrid budgetary management,13.38,115
50421,3081,Universal client-server encoding,24.18,145
50422,3082,Devolved bi-directional policy,17.99,43
50423,3082,Reduced optimizing encryption,14.66,129
50424,3082,Virtual leadingedge complexity,23.11,131
50425,3082,Automated zero administration time-frame,19.53,273
50426,3082,Team-oriented methodical standardization,17.16,35
50427,3082,Monitored bi-directional knowledgebase,20.15,137
50428,3083,Ergonomic next generation architecture,41.84,283
50429,3083,Re-contextualized interactive matrices,17.62,69
50430,3084,Balanced mobile firmware,23.41,66
50431,3084,Organized reciprocal task-force,7.01,381
50432,3084,User-centric context-sensitive product,20.39,58
50433,3084,Self-enabling well-modulated time-frame,13.57,357
50434,3084,Vision-oriented multi-state neural-net,46.15,302
50435,3084,Fully-configurable multi-tasking help-desk,12.78,54
50436,3085,Profit-focused actuating knowledge user,13.24,372
50437,3085,Streamlined fresh-thinking core,32.6,43
50438,3085,Assimilated bi-directional approach,6.86,203
50439,3085,Proactive logistical orchestration,14.84,34
50440,3085,Devolved context-sensitive success,14.09,214
50441,3085,Multi-tiered contextually-based matrix,30.82,179
50442,3085,Mandatory mission-critical middleware,12.01,361
50443,3085,Open-source leadingedge definition,29.39,300
50444,3086,Right-sized multimedia Local Area Network,18.64,91
50445,3086,Ameliorated executive interface,13.16,61
50446,3087,Compatible contextually-based system engine,43.6,82
50447,3087,Customer-focused web-enabled contingency,13.46,235
50448,3087,Cloned modular hub,8.52,140
50449,3087,Profound mobile software,33.75,119
50450,3087,Versatile context-sensitive website,22.69,387
50451,3087,Open-architected tangible archive,22.35,252
50452,3087,Devolved mission-critical moderator,8.22,132
50453,3088,Re-contextualized value-added standardization,18.83,101
50454,3088,Quality-focused leadingedge system engine,13.69,34
50455,3088,Phased asymmetric alliance,13.5,132
50456,3089,Enterprise-wide mission-critical service-desk,13.63,162
50457,3089,Compatible regional Internet solution,29.34,128
50458,3090,User-centric incremental core,20.93,27
50459,3090,Team-oriented system-worthy model,25.36,217
50460,3090,Managed needs-based implementation,24.56,296
50461,3090,User-friendly solution-oriented frame,33.15,348
50462,3091,Realigned needs-based definition,67.46,384
50463,3091,Innovative well-modulated conglomeration,17.11,215
50464,3091,Streamlined client-driven support,40.7,0
50465,3091,Adaptive 24/7 collaboration,12.77,325
50466,3091,De-engineered static alliance,18.94,25
50467,3092,Integrated reciprocal extranet,37.23,231
50468,3092,Automated even-keeled customer loyalty,9.1,125
50469,3092,Function-based 6thgeneration intranet,13.34,77
50470,3092,Down-sized global attitude,24.02,344
50471,3092,Visionary value-added algorithm,25.29,115
50472,3092,Inverse interactive intranet,40.4,112
50473,3092,Business-focused demand-driven service-desk,10.02,99
50474,3092,Organized neutral contingency,9.65,58
50475,3092,Virtual intangible concept,21.78,212
50476,3093,Robust interactive neural-net,62.38,45
50477,3094,Profit-focused client-server hardware,15.77,214
50478,3094,Seamless zero tolerance superstructure,12.59,113
50479,3094,Distributed asynchronous budgetary management,29.9,1
50480,3094,Right-sized zero tolerance system engine,11.05,147
50481,3094,Re-engineered eco-centric strategy,42.96,139
50482,3094,Optional bi-directional open system,32.63,258
50483,3094,Synchronized national productivity,87.68,366
50484,3094,Organic high-level orchestration,10.61,109
50485,3094,Enterprise-wide methodical hub,73.55,69
50486,3095,Streamlined background parallelism,9.59,177
50487,3095,Streamlined explicit moderator,18.11,61
50488,3095,Open-architected encompassing Graphic Interface,11.42,214
50489,3095,Diverse bottom-line concept,17.65,138
50490,3095,Organized explicit toolset,23.65,242
50491,3095,Phased 3rdgeneration productivity,28.72,227
50492,3095,Compatible multimedia middleware,20.95,281
50493,3095,Fully-configurable optimizing parallelism,29.04,351
50494,3095,Enterprise-wide transitional middleware,13.69,238
50495,3095,Ameliorated value-added analyzer,33.29,138
50496,3095,Ameliorated tertiary capacity,5.73,314
50497,3096,Cross-group local application,43.38,16
50498,3096,Implemented context-sensitive firmware,9.45,283
50499,3097,Reactive methodical structure,11.99,49
50500,3097,Public-key regional intranet,24.15,357
50501,3098,Cloned context-sensitive circuit,37.42,43
50502,3098,Expanded attitude-oriented moratorium,29.58,38
50503,3099,Secured optimizing core,31.88,192
50504,3099,Progressive foreground adapter,8.41,365
50505,3099,Profound client-driven conglomeration,23.01,69
50506,3099,Digitized well-modulated emulation,44.68,193
50507,3099,Universal secondary capability,49.62,34
50508,3099,Intuitive hybrid portal,8.35,292
50509,3099,Persistent neutral installation,11.76,296
50510,3100,Inverse next generation Graphic Interface,23.71,100
50511,3100,Horizontal multi-tasking project,27.38,298
50512,3101,Re-contextualized well-modulated budgetary management,41.62,266
50513,3102,Integrated incremental benchmark,10.15,25
50514,3102,Open-architected homogeneous policy,15.33,252
50515,3103,Innovative 24hour extranet,21.45,218
50516,3103,Self-enabling 6thgeneration archive,16.46,394
50517,3103,Down-sized high-level database,22.93,367
50518,3103,Centralized methodical open architecture,8.55,179
50519,3103,Future-proofed zero-defect moratorium,24.29,235
50520,3103,Organic solution-oriented instruction set,11.62,243
50521,3103,Fundamental disintermediate application,29.76,101
50522,3103,Future-proofed clear-thinking software,49.27,302
50523,3103,Profound next generation instruction set,34.26,37
50524,3104,Pre-emptive modular project,27.06,352
50525,3104,Multi-tiered empowering policy,11.92,226
50526,3104,Innovative context-sensitive help-desk,11.79,307
50527,3105,Progressive directional function,18.41,216
50528,3105,De-engineered 5thgeneration orchestration,11.21,296
50529,3105,Organized upward-trending info-mediaries,39.32,221
50530,3106,User-friendly composite access,15.3,103
50531,3106,Reduced content-based challenge,16.82,97
50532,3107,User-centric fault-tolerant task-force,18.26,61
50533,3107,Ergonomic bottom-line structure,73.07,265
50534,3107,Operative mission-critical hardware,35.06,89
50535,3108,Seamless motivating hierarchy,13.74,327
50536,3108,De-engineered high-level workforce,31.6,153
50537,3108,Synergistic didactic framework,18.91,64
50538,3108,Decentralized composite Graphic Interface,12.0,33
50539,3108,Pre-emptive human-resource service-desk,6.15,304
50540,3108,Down-sized directional throughput,35.58,348
50541,3109,Configurable actuating application,49.03,193
50542,3109,Enhanced executive secured line,5.58,285
50543,3109,Streamlined upward-trending knowledge user,12.6,7
50544,3109,Ergonomic client-server circuit,13.69,292
50545,3109,Enhanced static pricing structure,40.44,314
50546,3109,Implemented zero tolerance algorithm,30.88,212
50547,3110,Switchable neutral model,27.86,240
50548,3110,Stand-alone mission-critical framework,21.78,233
50549,3110,Innovative object-oriented open architecture,8.15,141
50550,3110,Intuitive object-oriented data-warehouse,18.46,168
50551,3111,Stand-alone systematic capacity,19.43,274
50552,3111,Open-architected mission-critical implementation,5.82,111
50553,3111,Business-focused clear-thinking middleware,18.5,390
50554,3111,Team-oriented directional benchmark,13.77,76
50555,3111,Cloned asynchronous definition,18.32,192
50556,3111,Cross-platform web-enabled array,14.04,303
50557,3111,Quality-focused 24hour monitoring,17.02,339
50558,3111,Grass-roots hybrid function,20.02,178
50559,3111,Quality-focused neutral contingency,6.91,71
50560,3111,Pre-emptive holistic circuit,15.4,282
50561,3111,Phased fault-tolerant budgetary management,8.25,226
50562,3112,User-centric national encoding,21.29,15
50563,3112,Total bottom-line migration,37.89,314
50564,3113,Total hybrid product,41.22,232
50565,3113,Face-to-face responsive moderator,14.55,260
50566,3114,Operative global circuit,7.59,84
50567,3114,Progressive discrete time-frame,11.85,261
50568,3114,Streamlined system-worthy solution,20.15,167
50569,3114,Automated client-driven encryption,61.91,284
50570,3114,Team-oriented 3rdgeneration archive,23.69,368
50571,3114,Reverse-engineered tertiary info-mediaries,18.22,52
50572,3115,Automated mobile synergy,23.6,131
50573,3115,Profound responsive intranet,56.64,262
50574,3115,Automated intangible functionalities,12.58,344
50575,3116,Up-sized modular database,13.66,52
50576,3116,Horizontal 24/7 algorithm,34.86,59
50577,3116,Devolved radical concept,29.46,29
50578,3116,Persevering local architecture,22.28,21
50579,3116,Integrated motivating workforce,28.03,251
50580,3116,Seamless high-level paradigm,15.01,51
50581,3116,User-friendly solution-oriented firmware,57.25,336
50582,3116,Quality-focused executive neural-net,36.44,117
50583,3116,Innovative context-sensitive model,15.69,172
50584,3116,Universal impactful standardization,59.6,16
50585,3116,Cloned hybrid firmware,12.98,288
50586,3116,Future-proofed fresh-thinking extranet,71.22,211
50587,3116,Profit-focused dedicated knowledge user,12.34,265
50588,3116,Configurable analyzing Internet solution,7.48,323
50589,3116,Enterprise-wide zero-defect toolset,40.96,339
50590,3117,Enhanced static knowledge user,22.84,74
50591,3118,Adaptive local knowledgebase,19.15,235
50592,3118,Networked high-level open system,12.64,331
50593,3118,Programmable 24hour customer loyalty,48.5,132
50594,3118,Reverse-engineered leadingedge paradigm,26.34,254
50595,3119,Advanced stable flexibility,50.95,268
50596,3119,Pre-emptive uniform data-warehouse,55.89,97
50597,3119,Face-to-face logistical concept,26.58,144
