reading_id,temp_c,humidity,pressure_hpa,voltage,rpm,vibration
1,15.24,55.9,1011.7,3.181,1504,0.308
2,23.38,46.0,1017.7,3.272,1345,0.507
3,16.21,63.2,1014.9,3.298,1442,0.301
4,2.55,71.9,1006.9,3.358,1404,0.335
5,25.72,42.5,1016.0,3.268,1285,0.623
6,10.88,66.6,1009.0,3.31,1649,0.233
7,17.88,52.2,1014.2,3.299,1547,0.225
8,10.41,65.8,1009.8,3.316,1358,0.488
9,12.49,61.3,1009.2,3.285,1278,0.361
10,15.32,60.4,1012.2,3.337,1365,0.337
11,22.45,45.9,1016.7,3.34,1352,0.38
12,23.11,50.3,1015.9,3.247,1379,0.72
13,14.76,63.9,1014.1,3.346,1273,0.246
14,21.96,51.1,1015.6,3.272,1353,0.361
15,14.02,57.7,1012.5,3.291,1458,0.426
16,18.83,55.3,1013.2,3.346,1499,0.26
17,17.4,54.3,1014.0,3.305,1218,0.396
18,22.12,46.3,1015.9,3.325,1450,0.474
19,14.55,64.2,1012.4,3.333,1334,0.264
20,17.47,57.4,1013.9,3.326,1328,0.569
21,19.85,55.9,1013.7,3.28,1413,0.229
22,18.7,50.6,1014.1,3.264,1370,0.379
23,12.62,65.3,1012.4,3.329,1533,0.451
24,28.4,46.5,1017.0,3.332,1533,0.879
25,16.03,61.5,1010.2,3.316,1414,0.138
26,22.29,44.4,1016.9,3.294,1375,0.443
27,19.1,53.8,1014.1,3.336,1661,0.779
28,24.21,44.4,1015.4,3.301,1670,0.311
29,5.73,75.7,1007.8,3.247,1496,0.564
30,29.7,36.5,1017.7,3.313,1432,0.433
31,16.02,58.9,1010.4,3.322,1569,0.186
32,10.17,65.1,1009.7,3.333,1621,0.46
33,17.96,55.1,1011.5,3.266,1388,0.267
34,31.12,33.3,1018.8,3.272,1663,0.414
35,21.84,51.3,1014.1,3.315,1432,0.175
36,11.11,69.5,1011.2,3.284,1579,0.51
37,16.18,58.2,1011.6,3.299,1390,0.038
38,26.94,45.6,1016.7,3.34,1458,0.375
39,8.79,65.4,1009.1,3.318,1397,0.594
40,17.14,56.0,1012.0,3.375,1453,0.478
41,17.23,57.4,1010.5,3.314,1571,0.348
42,32.52,39.9,1019.5,3.37,1344,0.365
43,15.02,55.8,1012.4,3.345,1415,0.336
44,24.59,47.5,1015.5,3.404,1515,0.808
45,14.16,57.2,1011.5,3.303,1395,0.392
46,12.79,62.2,1010.4,3.299,1691,0.398
47,23.07,49.3,1014.6,3.355,1277,0.29
48,21.84,52.1,1014.8,3.282,1750,0.329
49,6.93,67.9,1010.1,3.284,1372,0.492
50,19.92,46.1,1014.2,3.313,1566,0.309
51,21.65,52.4,1012.8,3.318,1642,0.279
52,14.27,57.2,1010.7,3.247,1513,0.318
53,19.63,55.3,1015.6,3.313,1283,0.347
54,20.16,51.6,1012.6,3.291,1411,0.426
55,15.08,59.8,1013.1,3.302,1458,0.327
56,14.17,67.8,1011.2,3.31,1517,0.371
57,13.32,66.2,1012.1,3.296,1567,0.288
58,14.95,60.5,1012.1,3.346,1584,0.586
59,9.57,63.2,1007.7,3.323,1625,0.414
60,18.34,56.9,1012.3,3.296,1337,0.353
61,9.42,69.1,1011.7,3.306,1568,0.444
62,19.84,54.6,1012.9,3.345,1244,0.393
63,17.2,60.4,1013.4,3.335,1468,0.165
64,10.29,59.6,1009.9,3.354,1323,0.373
65,23.53,48.9,1014.9,3.298,1239,0.648
66,30.15,38.6,1018.1,3.309,1559,0.476
67,24.82,41.4,1016.8,3.384,1447,0.577
68,8.45,73.0,1012.2,3.302,1568,0.299
69,25.52,40.3,1016.1,3.371,1262,0.177
70,19.67,53.7,1013.2,3.337,1305,0.295
71,16.65,56.3,1012.0,3.287,1438,0.603
72,14.01,54.2,1009.9,3.248,1371,0.25
73,17.18,51.3,1011.0,3.329,1459,0.281
74,25.18,40.2,1017.2,3.276,1376,0.566
75,20.05,53.1,1012.0,3.276,1410,0.362
76,15.46,62.1,1013.6,3.235,1314,0.37
77,13.54,63.3,1012.3,3.351,1603,0.457
78,14.82,60.0,1011.5,3.308,1412,0.413
79,19.31,43.6,1013.0,3.305,1310,0.355
80,30.26,39.5,1017.6,3.32,1531,0.438
81,10.79,63.4,1010.3,3.314,1508,0.293
82,17.69,59.1,1014.3,3.308,1476,0.394
83,14.65,63.1,1011.1,3.325,1477,0.498
84,13.62,69.1,1010.6,3.293,1403,0.241
85,19.03,54.1,1013.8,3.202,5436,0.368
86,21.16,53.1,1014.0,3.333,1187,0.228
87,9.23,65.1,1008.7,3.321,1265,0.512
88,12.34,65.0,1008.3,3.305,1304,0.492
89,24.08,41.1,1013.9,3.367,1484,0.541
90,19.2,55.4,1012.9,3.249,1596,0.555
91,20.73,47.3,1013.9,3.189,1431,0.554
92,16.42,59.4,1012.9,3.363,1418,0.508
93,14.42,56.4,1014.7,3.321,1584,0.283
94,20.76,50.0,1016.1,3.239,1407,0.54
95,14.35,61.4,1012.2,3.288,1528,0.263
96,11.44,63.7,1012.4,3.329,1502,0.75
97,18.31,56.2,1012.8,3.256,1292,0.443
98,23.3,44.4,1014.5,3.326,1488,0.489
99,11.88,69.0,1013.1,3.388,1475,0.215
100,24.3,44.2,1014.3,3.359,1313,0.561
101,21.53,52.4,1014.2,3.303,1327,0.576
102,12.51,69.7,1010.5,3.317,1298,0.165
103,16.58,48.1,1014.7,3.267,1614,0.316
104,17.28,52.9,1012.1,3.309,1702,0.33
105,20.98,49.3,1015.4,3.291,1534,0.303
106,21.57,53.2,1014.1,3.265,1637,10.776
107,10.62,65.7,1008.2,3.251,1289,0.725
108,10.08,68.7,1009.9,3.381,1618,0.24
109,24.28,44.1,1015.7,3.308,1685,0.557
110,19.32,56.2,1011.8,3.264,1643,0.361
111,18.46,48.1,1012.9,3.287,1338,0.606
112,20.12,55.1,1012.8,3.363,1580,0.032
113,26.88,32.8,1017.9,3.369,1437,0.335
114,10.56,60.5,1010.5,3.28,1579,0.582
115,23.28,51.4,1015.9,3.312,1374,0.286
116,13.36,63.3,1011.5,3.34,1452,0.578
117,23.0,46.3,1014.2,3.29,1382,0.323
118,26.55,50.3,1016.8,3.257,1507,0.571
119,9.52,71.0,1008.8,3.265,1438,0.487
120,20.68,55.4,1012.3,3.305,1583,0.337
121,16.86,56.7,1011.4,3.273,1549,0.285
122,17.47,60.0,1012.5,3.253,1500,0.374
123,18.99,56.7,1013.1,3.295,1446,0.574
124,11.67,59.8,1011.6,3.341,1414,0.399
125,12.15,65.9,1008.5,3.331,1451,0.3
126,21.83,49.1,1014.3,3.295,1540,0.898
127,22.99,51.9,1015.5,3.38,1466,0.163
128,14.05,64.6,1010.4,3.273,1485,0.366
129,9.75,66.5,1009.6,3.301,1446,0.481
130,31.01,33.1,1018.2,3.25,1441,0.243
131,23.71,46.3,1014.3,3.335,1371,0.398
132,20.2,54.3,1015.2,3.299,1226,0.336
133,11.25,63.4,1008.7,3.237,1519,0.177
134,14.16,60.4,1012.7,3.271,1517,0.468
135,17.65,55.2,1013.0,3.375,1334,0.229
136,12.71,65.4,1009.4,3.333,1679,0.286
137,27.3,44.8,1015.8,3.308,1311,0.585
138,18.51,55.0,1012.4,3.338,1570,0.231
139,20.48,49.3,1012.9,3.241,1481,0.49
140,11.86,59.3,1010.7,3.271,1488,0.577
141,11.89,66.1,1008.4,3.251,1586,0.549
142,14.66,61.5,1012.5,3.271,1561,0.47
143,19.09,52.0,1014.6,3.289,1453,0.364
144,16.97,57.0,1013.9,3.325,1324,0.189
145,17.48,53.3,1011.0,3.344,1304,0.421
146,19.19,51.5,1010.9,3.343,1473,0.466
147,19.2,45.5,1012.7,3.411,1639,0.323
148,25.95,41.1,1016.4,3.284,1556,0.251
149,17.43,54.5,1012.8,3.303,1447,0.529
150,11.55,70.1,1009.8,3.324,1490,0.241
151,16.89,57.0,1012.8,3.271,1532,0.465
152,27.46,41.9,1016.7,3.292,1656,0.327
153,15.22,60.9,1009.7,3.32,1360,0.146
154,17.41,57.3,1015.2,3.269,1537,0.641
155,153.56,56.4,1010.7,3.322,5436,0.49
156,20.34,51.2,1014.2,3.352,1360,0.48
157,21.39,52.1,1014.9,3.259,1329,0.186
158,14.32,70.3,1010.0,3.213,1602,0.379
159,16.03,57.8,1012.4,3.307,1490,0.44
160,23.16,41.1,1017.2,3.262,1425,0.286
161,23.6,48.2,1015.3,3.311,1463,0.646
162,23.35,55.3,1016.5,3.286,1568,0.094
163,22.93,44.9,1015.4,3.316,1462,0.503
164,16.4,69.1,1012.4,3.349,1643,0.114
165,15.72,58.5,1012.9,3.336,1419,0.162
166,22.16,50.3,1014.9,3.289,1357,0.205
167,10.26,64.1,1009.8,3.257,1437,0.483
168,18.54,55.2,1013.9,3.205,1338,0.289
169,7.73,68.1,1008.7,3.217,1409,0.295
170,15.44,55.6,1012.6,3.272,1597,0.26
171,13.53,55.1,1009.8,3.307,1655,0.173
172,10.56,69.7,1010.0,3.276,1526,0.261
173,21.24,46.8,1015.8,3.28,1474,0.247
174,12.18,63.1,1012.2,3.24,1342,0.347
175,16.32,59.8,1012.4,3.237,1331,0.337
176,15.78,55.8,1011.7,3.234,1495,0.033
177,13.57,62.1,1010.4,3.327,1471,0.296
178,24.26,42.6,1017.0,3.224,1381,0.576
179,15.07,58.3,1013.4,3.329,1397,0.322
180,19.99,53.9,1013.5,3.267,1637,0.381
181,8.4,67.2,1011.3,3.324,1569,0.283
182,16.17,56.5,1011.4,3.312,1457,0.288
183,16.26,54.3,1013.6,3.332,1478,0.38
184,15.44,55.6,1011.0,3.349,1604,0.188
185,13.15,61.0,1011.7,3.271,1494,0.365
186,19.54,58.5,1012.0,3.263,1479,0.14
187,27.19,46.2,1017.6,3.284,1262,0.44
188,17.48,57.6,1013.3,3.271,1249,0.153
189,16.78,59.6,1011.5,3.327,1222,0.487
190,14.9,59.3,1011.1,3.297,1181,0.54
191,33.42,36.5,1018.6,3.301,1449,0.144
192,26.58,41.6,1015.1,3.317,1490,10.776
193,21.78,51.8,1013.2,3.282,1346,0.326
194,20.68,48.4,1013.6,3.344,1503,0.562
195,12.92,61.7,1012.1,3.228,1504,0.307
196,15.8,62.7,1014.2,3.31,1441,0.344
197,20.05,49.9,1012.9,3.32,1274,0.343
198,17.18,54.4,1012.9,3.27,1624,0.575
199,11.89,61.2,1011.1,3.273,1615,0.095
200,13.72,65.3,1010.4,3.336,1381,0.501
201,21.02,56.5,1013.9,3.288,1683,0.4
202,21.33,51.7,1014.7,3.224,1456,0.312
203,6.81,65.5,1008.0,3.247,1357,0.35
204,18.83,56.5,1013.1,3.34,1402,0.526
205,25.83,46.1,1015.4,3.265,1228,0.509
206,12.62,55.9,1013.1,3.352,1409,0.64
207,18.55,52.6,1012.8,3.355,1259,0.289
208,9.0,68.1,1009.5,3.292,1586,0.101
209,22.58,40.9,1013.7,3.322,1489,0.302
210,10.2,67.4,1009.5,3.267,1284,0.356
211,9.73,67.9,1010.0,3.284,1519,0.319
212,15.3,59.0,1011.7,3.272,1245,0.568
213,32.58,31.2,1019.4,3.323,1469,0.727
214,14.55,58.6,1011.5,3.249,1508,0.442
215,10.13,64.6,1008.2,3.295,1459,0.117
216,20.32,52.9,1011.3,3.302,1316,0.541
217,19.39,50.4,1014.7,3.321,1437,0.288
218,27.04,45.4,1016.3,3.215,1429,0.391
219,10.15,67.8,1011.6,3.229,1458,0.51
220,7.12,62.7,1009.1,3.265,1629,0.44
221,16.47,63.5,1011.3,3.291,1654,0.374
222,20.78,52.6,1014.5,3.305,1640,0.427
223,20.2,50.6,1013.5,3.307,1375,0.498
224,24.56,46.2,1015.6,3.38,1361,0.478
225,9.31,62.9,1008.2,3.326,1453,0.695
226,14.53,63.3,1011.7,3.323,1503,0.065
227,17.2,48.9,1013.9,3.28,1204,0.267
228,21.74,44.8,1014.4,3.331,1377,0.296
229,19.82,55.4,1016.2,3.327,1665,0.508
230,15.88,63.1,1011.2,3.326,1301,0.417
231,12.63,63.4,1010.7,3.295,1362,0.512
232,23.6,44.6,1013.1,3.324,1366,0.17
233,24.05,49.9,1013.0,3.36,1509,0.351
234,33.92,31.3,1022.1,3.268,1443,0.481
235,15.63,57.6,1014.2,3.214,1411,0.376
236,26.83,43.0,1018.3,3.332,1268,0.324
237,9.32,62.7,1007.9,3.329,1524,0.425
238,14.33,62.7,1011.9,3.29,1451,0.631
239,12.79,54.8,1011.8,3.282,1370,0.068
240,15.17,64.1,1011.9,3.409,1453,0.622
241,12.54,58.2,1011.2,3.281,1545,0.426
242,13.13,58.2,1010.5,3.251,1273,0.255
243,18.06,53.8,1012.6,3.28,1264,0.483
244,15.76,61.6,1010.5,3.319,1328,0.39
245,20.63,51.9,1014.1,3.275,1345,0.565
246,17.44,57.3,1013.2,3.284,1084,0.263
247,18.36,57.1,1012.0,3.312,1378,0.529
248,26.26,43.9,1016.2,3.282,1584,0.248
249,20.33,52.4,1013.2,3.304,1410,0.432
250,18.87,48.1,1013.3,3.298,1572,0.488
251,18.53,48.4,1014.0,3.257,1105,0.372
252,18.33,47.7,1013.4,3.302,1437,0.48
253,21.06,50.2,1014.8,3.253,1617,0.294
254,13.5,61.8,1009.3,3.336,1639,0.543
255,25.15,44.9,1015.3,3.262,1390,0.308
256,27.25,42.2,1017.8,3.29,1351,0.278
257,24.25,44.5,1014.7,3.227,1496,0.366
258,14.32,56.6,1011.2,3.282,1304,0.376
259,8.17,64.7,1007.9,3.25,1406,0.258
260,14.81,53.3,1013.5,3.359,1249,0.503
261,18.88,57.8,1012.8,3.294,1460,0.365
262,22.81,50.9,1014.1,3.32,1451,0.475
263,16.68,52.8,1013.2,3.23,1646,0.16
264,16.03,57.2,1013.5,3.25,1493,0.187
265,26.89,43.3,1017.3,3.292,1371,0.344
266,15.08,66.3,1012.5,3.245,1439,0.235
267,25.01,44.1,1015.8,3.345,1295,0.364
268,22.69,47.9,1015.0,3.283,1454,0.468
269,10.32,70.7,1009.2,3.305,1424,0.551
270,19.2,47.5,1013.0,3.311,1501,0.604
271,14.46,58.0,1010.9,3.293,1562,0.502
272,12.05,63.6,1011.1,3.33,1210,0.278
273,6.46,69.4,1008.3,3.272,1489,0.467
274,7.56,75.8,1009.2,3.314,1539,0.306
275,18.35,54.4,1014.7,3.347,1306,0.465
276,15.69,59.4,1011.9,3.308,1678,0.226
277,20.33,49.9,1012.0,3.304,1363,0.586
278,10.87,67.4,1009.4,3.286,1746,0.446
279,16.32,60.2,1010.8,3.301,1544,0.341
280,15.92,56.1,1010.0,3.326,1566,0.18
281,8.95,67.6,1009.3,3.289,1482,0.426
282,7.42,65.4,1007.4,3.233,1571,0.305
283,20.22,51.2,1012.5,3.306,1325,0.422
284,18.59,56.8,1012.0,3.293,1353,0.277
285,10.49,66.7,1011.7,3.318,1214,0.303
286,17.38,58.1,1012.3,3.301,1515,0.478
287,21.6,52.1,1015.8,3.361,1365,0.606
288,26.66,37.4,1017.3,3.251,1540,0.195
289,13.09,61.7,1010.2,3.261,1522,0.355
290,21.41,53.7,1015.1,3.325,1289,0.443
291,30.42,38.1,1018.8,3.258,1534,0.361
292,18.48,52.3,1013.2,3.312,1481,0.319
293,26.11,44.0,1015.3,3.298,1474,0.709
294,1.78,80.8,1006.1,3.221,1505,0.259
295,25.98,44.8,1015.1,3.325,1447,0.439
296,17.42,55.8,1012.6,3.353,1451,0.311
297,8.49,70.3,1008.4,3.307,1577,10.776
298,23.82,49.7,1016.6,3.244,1330,0.042
299,23.6,51.4,1017.2,3.33,1305,0.518
300,24.59,45.1,1016.7,3.258,1358,0.353
301,25.11,42.7,1017.0,3.294,1575,0.24
302,18.07,56.7,1013.1,3.315,1411,0.634
303,12.87,58.1,1014.4,3.268,1680,0.343
304,14.32,60.1,1013.6,3.232,1079,0.293
305,19.1,54.7,1016.0,3.293,1364,0.258
306,21.01,54.8,1014.4,3.297,1396,0.545
307,13.77,59.9,1012.2,3.265,1483,0.389
308,16.72,58.2,1014.3,3.268,1611,0.338
309,22.32,54.8,1015.3,3.328,1428,0.186
310,19.89,51.8,1014.1,3.295,1328,0.249
311,31.72,32.5,1017.4,3.28,1551,0.437
312,30.23,37.7,1019.3,3.275,1636,0.382
313,9.8,65.2,1010.3,3.305,1143,0.083
314,14.63,60.8,1012.5,3.302,1520,0.254
315,10.57,65.0,1009.5,3.292,1486,0.419
316,10.95,67.4,1007.9,3.244,1350,0.787
317,20.63,50.7,1014.9,3.284,1393,0.272
318,12.41,57.3,1011.9,3.274,1485,0.051
319,11.59,63.8,1008.8,3.301,1453,0.5
320,15.34,58.8,1011.1,3.344,1420,0.313
321,22.59,51.9,1014.5,3.336,1310,0.187
322,14.7,56.7,1011.8,3.324,1484,0.469
323,16.45,56.0,1010.0,3.303,1370,0.35
324,23.57,50.8,1017.3,3.286,1460,0.24
325,19.81,49.3,1015.3,3.312,1379,0.188
326,20.65,51.6,1013.3,3.28,1474,0.366
327,24.36,48.4,1013.1,3.285,1540,0.398
328,10.17,66.6,1010.9,3.266,1478,0.118
329,18.96,53.5,1015.8,3.297,1529,0.533
330,15.35,57.5,1012.4,3.296,1283,0.194
331,22.64,49.4,1016.8,3.371,1506,0.595
332,22.48,46.8,1013.8,3.32,1485,0.435
333,10.54,62.9,1010.6,3.284,1375,0.357
334,25.63,49.8,1014.4,3.329,1430,0.435
335,9.04,68.4,1012.4,3.28,1113,0.296
336,23.43,41.7,1016.5,3.338,1459,0.375
337,18.59,52.0,1010.9,3.329,1400,0.632
338,12.77,62.3,1008.6,3.411,1177,0.299
339,11.5,62.9,1010.8,3.256,1511,0.507
340,16.34,52.0,1012.3,3.296,1373,0.25
341,18.55,58.0,1012.5,3.294,1483,0.382
342,14.15,64.0,1011.9,3.31,1421,0.529
343,21.7,51.1,1016.7,3.326,1508,0.205
344,8.77,66.5,1009.9,3.261,1460,0.435
345,17.63,56.1,1010.7,3.27,1415,0.062
346,20.29,57.3,1012.7,3.31,1509,0.213
347,8.53,68.6,1006.8,3.336,1550,0.322
348,20.27,51.6,1012.7,3.255,1177,0.517
349,10.92,64.8,1010.2,3.238,1453,0.492
350,3.83,79.6,1006.6,3.343,1378,0.248
351,13.86,61.6,1010.1,3.331,1316,0.365
352,17.98,53.3,1012.3,3.341,1606,0.413
353,22.84,45.4,1014.2,3.261,1565,0.15
354,14.86,65.1,1012.4,3.291,1325,0.448
355,28.2,39.3,1016.3,3.307,1315,0.588
356,24.66,43.0,1016.9,3.316,1548,0.571
357,24.54,43.7,1015.3,3.294,1374,0.296
358,24.26,47.5,1017.1,3.297,1410,0.324
359,19.35,52.0,1013.6,3.338,1212,0.245
360,14.43,58.9,1011.5,3.282,1433,0.311
361,21.35,45.9,1013.8,3.277,1586,0.347
362,153.56,46.0,1015.5,3.282,1394,0.487
363,18.6,55.8,1011.4,3.279,1435,0.397
364,16.27,59.6,1015.5,3.304,1659,0.246
365,7.59,65.1,1008.2,3.291,1555,0.508
366,21.49,54.2,1014.7,3.282,1620,0.517
367,18.78,51.4,1013.2,3.354,1525,0.293
368,10.62,63.6,1009.1,3.31,1593,0.348
369,17.37,54.8,1013.6,3.286,1249,0.37
370,22.61,47.0,1014.1,3.347,1351,0.138
371,16.82,54.5,1012.1,3.277,1250,0.405
372,22.19,46.4,1013.2,3.299,1716,0.486
373,23.19,48.3,1013.7,3.295,1471,0.677
374,9.14,66.9,1007.9,3.277,1434,0.414
375,14.52,52.7,1014.3,3.284,1359,0.342
376,21.06,52.6,1012.5,3.302,1327,0.363
377,20.93,45.6,1013.9,3.244,1112,0.477
378,26.35,46.5,1016.6,3.284,1718,0.505
379,6.13,74.0,1009.9,3.308,1439,0.256
380,153.56,57.8,1010.7,3.309,1457,0.414
381,22.09,49.5,1012.8,3.31,1280,0.483
382,24.8,48.5,1016.1,3.388,1442,0.084
383,29.37,39.3,1017.5,3.324,1494,0.591
384,11.91,60.5,1008.9,3.293,1439,0.353
385,17.12,59.7,1009.8,3.294,1523,0.516
386,12.65,56.2,1009.2,3.299,1348,0.379
387,22.16,46.9,1015.8,3.315,1488,0.349
388,9.31,67.7,1009.6,3.287,1556,0.374
389,25.85,43.5,1016.7,3.356,1516,0.429
390,23.23,50.9,1015.1,3.256,1495,0.516
391,20.81,53.2,1014.1,3.323,1437,0.346
392,4.73,75.0,1008.3,3.318,1330,0.218
393,12.82,60.1,1011.1,3.255,1515,0.281
394,21.94,52.0,1015.0,3.323,1402,0.239
395,8.64,65.8,1008.3,3.32,1336,0.5
396,15.16,56.1,1011.6,3.274,1541,0.242
397,16.94,58.5,1013.2,3.387,1256,10.776
398,24.48,49.2,1014.8,3.326,1382,0.406
399,20.75,59.1,1012.7,3.286,1542,0.373
400,19.37,52.2,1014.4,3.28,1563,0.582
401,15.29,53.4,1012.5,3.27,1404,0.331
402,18.23,57.3,1012.9,3.308,5436,0.342
403,18.08,60.4,1011.7,3.301,1514,0.503
404,22.36,48.3,1015.8,3.245,1441,0.497
405,16.35,61.7,1015.5,3.259,1356,0.237
406,23.61,51.6,1014.5,3.271,1501,0.755
407,8.63,68.3,1006.9,3.283,1469,0.472
408,26.97,43.1,1014.9,3.285,1462,0.198
409,16.28,52.9,1011.4,3.273,1583,0.361
410,22.85,47.0,1014.2,3.323,1486,0.526
411,18.93,56.8,1011.7,3.335,1394,0.42
412,22.79,49.6,1016.0,3.301,1469,0.515
413,26.75,38.2,1017.6,3.215,1682,0.742
414,15.49,57.9,1013.3,3.293,1363,0.527
415,18.32,50.2,1014.0,3.32,1417,0.688
416,15.72,51.8,1011.9,3.295,1353,0.49
417,17.46,49.3,1014.7,3.309,1491,0.288
418,8.15,64.8,1008.2,3.302,1298,0.614
419,15.85,56.3,1012.1,3.242,1503,0.283
420,16.54,58.8,1010.9,3.202,1540,0.532
421,12.11,64.2,1012.4,3.322,1356,0.486
422,16.35,57.0,1013.6,3.279,1347,0.261
423,7.47,66.9,1008.5,3.314,1270,0.283
424,25.78,42.8,1016.0,3.287,1454,0.362
425,20.08,53.1,1014.0,3.292,1315,0.449
426,29.43,37.6,1017.8,3.351,1374,0.589
427,13.67,63.2,1011.7,3.253,1399,0.401
428,10.72,64.7,1010.1,3.298,1366,0.675
429,18.77,51.2,1014.1,3.257,1549,0.521
430,9.45,70.2,1007.0,3.301,1641,0.295
431,19.41,49.8,1013.1,3.317,1194,0.298
432,14.1,64.8,1009.0,3.323,1352,0.404
433,16.28,53.4,1014.2,3.304,1479,0.314
434,20.44,54.5,1015.2,3.246,1323,0.378
435,18.85,50.7,1013.9,3.308,1385,10.776
436,29.35,43.4,1018.8,3.332,1474,0.431
437,22.13,52.4,1016.8,3.336,1616,0.539
438,9.43,64.3,1010.8,3.38,1590,0.289
439,23.1,45.2,1013.4,3.32,1414,0.264
440,9.75,63.7,1009.3,3.26,1465,0.183
441,18.36,54.4,1010.3,3.279,1406,0.126
442,10.39,67.7,1008.8,3.302,1428,0.326
443,13.11,70.6,1009.3,3.338,1308,0.404
444,153.56,39.4,1016.1,3.255,1237,0.364
445,14.12,64.1,1012.0,3.333,1405,0.395
446,12.65,59.2,1010.2,3.323,1566,0.701
447,15.1,61.2,1011.1,3.265,1541,0.231
448,16.38,60.8,1012.4,3.322,1225,0.354
449,25.61,44.2,1016.2,3.269,1426,0.321
450,11.17,67.1,1009.7,3.298,1374,0.258
451,10.74,65.7,1006.9,3.287,1484,0.598
452,21.25,50.2,1013.8,3.307,1318,0.39
453,6.83,70.0,1009.9,3.254,1559,0.583
454,14.62,62.3,1012.3,3.318,1425,0.226
455,23.98,40.7,1013.9,3.216,1518,0.677
456,19.05,53.8,1012.5,3.283,1554,0.735
457,14.22,55.8,1012.0,3.277,1216,0.265
458,13.26,58.7,1009.9,3.358,1423,0.394
459,11.42,61.0,1011.4,3.319,1631,0.376
460,13.84,64.0,1010.4,3.28,1452,0.48
461,18.82,60.8,1012.8,3.265,1574,0.201
462,23.45,48.5,1015.8,3.3,1500,0.466
463,21.19,43.1,1017.9,3.275,1390,0.505
464,14.9,60.6,1011.1,3.383,1483,0.306
465,13.42,58.4,1010.4,3.193,1576,0.056
466,21.36,50.6,1015.4,3.301,1604,0.294
467,7.73,75.5,1007.8,3.205,1623,0.337
468,15.89,61.1,1012.0,3.338,1317,0.511
469,14.11,61.0,1009.3,3.268,1549,0.303
470,10.99,64.8,1010.5,3.359,1284,0.224
471,12.69,58.2,1010.4,3.278,1434,0.489
472,19.22,46.2,1012.1,3.34,1424,0.452
473,7.64,69.8,1010.4,3.306,1525,0.507
474,13.03,65.3,1010.3,3.343,1487,0.404
475,13.62,65.1,1011.0,3.299,1599,0.555
476,17.2,53.7,1011.5,3.186,1376,0.474
477,8.99,67.9,1007.5,3.271,1551,0.129
478,23.04,46.6,1014.8,3.239,1496,0.427
479,16.27,61.5,1010.2,3.334,1450,0.513
480,14.73,57.6,1012.8,3.319,1306,0.402
481,16.3,55.3,1013.0,3.299,1518,0.616
482,12.34,64.8,1010.4,3.316,1487,0.329
483,11.86,65.5,1008.5,3.306,1544,0.502
484,23.26,46.5,1015.2,3.277,1445,0.213
485,18.58,49.8,1012.0,3.373,1419,0.397
486,17.79,56.5,1012.7,3.308,1496,0.315
487,24.41,41.4,1015.5,3.291,1505,0.247
488,14.44,55.7,1010.5,3.243,1532,0.201
489,21.26,49.2,1014.4,3.275,1677,0.431
490,17.82,54.0,1014.1,3.299,1376,0.461
491,12.52,65.2,1012.6,3.292,1690,0.302
492,22.58,53.3,1014.0,3.28,1095,0.212
493,8.42,68.7,1010.0,3.297,1565,0.266
494,153.56,55.3,1014.1,3.256,1352,0.511
495,12.61,61.6,1009.3,3.299,1690,10.776
496,20.91,54.3,1015.3,3.24,1343,0.568
497,26.12,39.5,1016.7,3.266,1577,0.147
498,21.47,51.0,1014.3,3.27,1331,0.439
499,13.42,60.0,1011.7,3.332,1314,0.497
500,17.06,55.2,1012.5,3.317,1546,0.581
501,14.35,60.7,1010.6,3.301,1554,0.333
502,10.38,60.2,1012.0,3.255,1366,0.283
503,10.86,65.8,1011.1,3.283,1738,0.184
504,18.46,52.8,1013.2,3.329,1411,0.534
505,19.7,51.3,1015.2,3.346,1637,0.378
506,9.69,72.5,1010.0,3.243,1328,0.329
507,17.0,55.2,1012.3,3.282,1334,0.335
508,21.52,50.1,1014.7,3.303,1460,0.436
509,18.99,51.2,1012.6,3.312,1328,0.403
510,9.57,66.3,1011.1,3.299,1504,0.575
511,23.41,44.5,1015.0,3.324,1193,0.075
512,11.49,67.9,1012.7,3.244,1471,0.525
513,19.38,45.6,1013.9,3.358,1382,0.318
514,27.56,45.8,1017.3,3.255,1335,0.386
515,4.7,70.7,1008.3,3.301,1475,0.351
516,18.62,57.0,1013.0,3.318,1423,0.385
517,19.5,51.6,1014.6,3.343,1396,0.511
518,17.31,55.4,1013.2,3.333,1547,0.431
519,13.09,62.1,1010.4,3.332,1485,0.182
520,15.11,60.6,1012.0,3.347,1495,0.388
521,8.62,68.2,1008.4,3.293,1609,0.384
522,18.8,58.5,1014.5,3.327,1441,0.454
523,23.43,53.1,1014.8,3.357,1550,0.405
524,13.8,63.8,1012.3,3.27,1400,0.386
525,12.43,69.1,1008.8,3.246,1522,0.552
526,14.61,57.8,1011.9,3.261,1513,0.235
527,16.81,59.9,1011.8,3.353,1384,0.726
528,18.0,55.5,1013.0,3.346,1268,0.314
529,18.03,52.2,1014.0,3.285,1297,0.243
530,17.98,56.7,1013.2,3.308,1337,0.516
531,10.42,66.8,1009.3,3.317,1516,0.56
532,1.16,85.1,1007.4,3.339,1434,0.587
533,23.07,48.9,1015.4,3.227,1414,0.618
534,24.48,43.4,1018.4,3.278,1507,0.471
535,9.54,69.1,1007.0,3.289,1537,0.409
536,13.93,55.9,1011.5,3.311,1616,0.456
537,19.39,54.8,1013.0,3.302,1379,0.399
538,22.13,44.4,1014.0,3.287,1515,0.318
539,20.31,54.5,1014.4,3.31,1534,0.64
540,24.74,49.7,1014.5,3.201,1336,0.672
541,17.16,56.3,1009.9,3.416,1465,0.401
542,18.87,47.3,1012.6,3.33,1340,0.365
543,18.97,52.8,1013.4,3.333,1423,0.326
544,15.3,60.2,1013.9,3.274,1500,0.147
545,25.3,47.5,1014.8,3.315,1247,0.298
546,20.62,49.5,1012.8,3.378,1345,0.322
547,22.59,43.6,1012.7,3.369,1353,0.397
548,14.52,58.9,1011.3,3.302,1461,0.25
549,25.44,43.9,1014.9,3.252,1362,0.114
550,11.58,70.6,1010.3,3.305,1494,10.776
551,19.65,50.2,1011.9,3.288,1347,0.658
552,2.82,76.9,1005.4,3.332,1388,0.081
553,13.29,64.6,1007.5,3.25,1522,0.379
554,22.65,45.6,1014.7,3.292,1488,0.528
555,13.59,58.5,1009.7,3.31,1468,0.225
556,18.33,53.9,1009.8,3.281,1445,0.185
557,7.52,68.7,1010.1,3.34,1569,0.405
558,26.2,41.5,1017.1,3.256,1614,0.365
559,19.91,54.5,1014.6,3.252,1405,0.305
560,16.91,57.5,1013.1,3.286,1363,0.647
561,18.95,48.1,1012.5,3.331,1326,0.625
562,19.57,51.7,1014.8,3.288,1657,0.499
563,25.72,45.7,1014.9,3.277,1343,0.391
564,17.5,52.0,1015.5,3.33,1292,0.352
565,7.36,69.1,1009.4,3.308,1482,0.534
566,15.49,58.1,1009.9,3.279,1575,0.366
567,25.43,46.2,1016.9,3.304,1302,0.625
568,21.11,50.3,1016.5,3.29,1435,0.589
569,14.85,59.2,1011.4,3.323,1279,0.311
570,18.3,47.9,1015.5,3.305,1367,0.516
571,17.66,56.0,1012.7,3.269,1644,0.638
572,20.36,47.7,1013.4,3.281,1470,0.501
573,7.79,75.2,1005.7,3.283,1419,0.261
574,11.12,63.7,1012.0,3.314,1458,0.363
575,20.93,49.3,1013.8,3.314,1483,0.352
576,15.53,60.3,1012.6,3.267,1437,0.422
577,21.61,52.5,1012.2,3.292,1308,0.409
578,29.43,38.9,1016.4,3.311,1309,0.351
579,15.39,58.5,1013.3,3.341,1689,0.533
580,18.75,51.5,1012.8,3.309,1359,0.608
581,14.01,58.0,1010.9,3.374,1593,0.32
582,13.85,59.2,1009.7,3.3,1364,0.184
583,16.61,60.0,1012.8,3.327,1605,0.461
584,8.83,66.8,1010.1,3.287,1533,0.407
585,5.85,73.2,1007.0,3.261,1425,0.469
586,26.05,42.5,1015.8,3.303,1690,0.304
587,17.01,59.0,1011.0,3.318,1338,0.45
588,25.03,52.1,1017.1,3.312,1422,0.27
589,18.27,52.0,1012.3,3.305,1347,0.571
590,17.46,56.3,1012.9,3.287,1357,0.66
591,19.9,50.4,1016.4,3.268,1407,0.268
592,21.02,48.6,1014.2,3.288,1336,0.018
593,10.26,68.0,1007.9,3.317,1411,0.335
594,24.77,41.4,1014.5,3.336,1638,0.329
595,12.54,67.0,1009.9,3.173,1242,0.438
596,18.1,54.8,1015.3,3.323,1300,0.412
597,31.71,30.4,1019.2,3.341,1336,0.483
598,18.46,60.1,1012.6,3.348,1394,0.816
599,28.09,43.8,1017.8,3.314,1570,0.326
600,14.95,62.5,1013.4,3.325,1536,0.353
601,153.56,46.0,1013.3,3.282,1507,0.475
602,18.78,54.6,1014.6,3.296,1474,0.132
603,20.08,50.6,1014.8,3.319,1735,0.528
604,12.32,65.3,1011.2,3.257,1315,0.317
605,10.33,68.1,1007.6,3.269,1312,0.195
606,20.41,47.1,1013.8,3.307,1447,0.283
607,8.73,69.7,1010.6,3.248,1474,0.486
608,12.53,62.9,1010.3,3.301,1422,0.537
609,20.76,53.3,1017.1,3.242,1350,0.598
610,12.77,61.2,1011.3,3.307,1294,0.477
611,12.09,59.8,1009.3,3.3,1417,0.303
612,10.8,65.0,1010.7,3.278,1365,0.495
613,19.12,51.4,1013.4,3.263,1392,0.4
614,14.27,56.7,1012.8,3.28,1321,0.763
615,19.41,54.7,1012.8,3.213,1610,0.103
616,16.3,56.1,1013.8,3.284,1504,0.654
617,29.17,40.5,1016.6,3.304,1671,0.528
618,14.04,55.1,1011.8,3.345,1388,0.474
619,6.19,80.2,1006.4,3.28,1457,0.399
620,19.04,58.7,1012.0,3.293,1420,0.328
621,17.48,58.1,1013.0,3.353,1452,0.268
622,17.12,50.5,1012.3,3.366,1419,0.179
623,7.71,63.4,1008.3,3.281,1430,0.719
624,24.44,43.3,1015.2,3.339,1215,0.554
625,16.07,55.4,1013.0,3.344,1417,0.515
626,15.97,63.1,1013.5,3.319,1532,0.468
627,8.31,73.8,1009.8,3.261,1218,0.126
628,19.39,50.1,1015.1,3.263,1408,0.372
629,17.54,60.2,1012.8,3.321,1518,0.432
630,24.34,47.8,1015.4,3.389,1601,0.588
631,13.48,59.6,1009.8,3.292,1440,0.264
632,9.53,70.5,1009.3,3.359,1504,0.455
633,19.33,55.8,1012.1,3.372,1659,0.379
634,11.35,61.9,1008.3,3.251,1604,0.419
635,19.8,48.6,1015.7,3.276,1396,0.298
636,11.25,65.0,1007.9,3.357,1378,0.469
637,15.87,60.1,1012.8,3.337,1571,0.427
638,16.93,53.7,1012.8,3.32,1476,0.135
639,17.32,51.2,1012.4,3.299,1385,0.597
640,14.73,62.1,1014.6,3.323,5436,0.745
641,11.3,54.7,1010.8,3.275,1488,0.284
642,15.63,62.0,1011.7,3.395,1426,0.588
643,11.79,59.6,1013.5,3.255,1420,0.269
644,18.12,56.8,1012.1,3.23,1422,0.337
645,15.61,64.0,1010.3,3.305,1272,0.68
646,4.85,71.1,1006.0,3.355,1657,0.446
647,18.21,53.2,1011.8,3.28,1595,0.644
648,25.28,50.6,1016.2,3.297,1630,0.461
649,18.93,52.4,1013.9,3.26,1434,0.569
650,21.23,50.3,1012.3,3.296,1465,0.392
651,21.26,52.6,1014.3,3.26,1518,0.632
652,13.99,63.2,1014.3,3.261,1548,0.686
653,10.12,71.6,1008.6,3.243,1232,0.519
654,21.9,49.1,1014.5,3.278,1492,0.333
655,23.25,45.6,1016.1,3.371,1331,0.363
656,21.33,50.8,1015.6,3.297,1441,0.276
657,19.22,53.1,1012.9,3.307,1371,0.509
658,18.82,56.5,1012.5,3.385,1653,0.497
659,17.75,56.5,1011.4,3.275,1514,0.314
660,18.96,59.1,1014.7,3.261,1447,0.556
661,17.24,53.1,1013.9,3.319,1616,0.332
662,19.17,54.7,1010.9,3.252,1441,0.692
663,12.29,69.5,1007.8,3.312,1364,0.543
664,13.43,65.3,1009.7,3.344,1428,0.658
665,21.3,51.9,1012.3,3.258,1406,0.312
666,15.75,56.1,1012.4,3.279,1456,0.27
667,4.54,74.7,1007.2,3.364,1550,0.146
668,19.13,54.3,1015.4,3.259,1436,0.517
669,4.82,76.7,1008.2,3.273,1442,0.251
670,28.3,38.5,1017.5,3.308,1571,0.621
671,21.65,45.2,1015.9,3.287,1484,0.442
672,20.81,47.8,1013.3,3.266,1563,0.535
673,15.83,63.2,1009.4,3.361,1466,0.228
674,10.69,68.2,1010.1,3.277,1295,0.331
675,16.62,53.4,1013.4,3.312,1316,0.448
676,18.6,54.6,1010.8,3.283,1252,0.531
677,11.86,57.4,1012.0,3.29,1585,0.228
678,17.66,52.8,1014.2,3.246,1499,0.472
679,21.06,60.8,1013.8,3.335,1393,0.297
680,20.07,50.8,1014.4,3.283,1332,0.542
681,10.39,63.8,1009.9,3.348,1493,0.387
682,4.51,72.8,1007.6,3.254,1434,0.376
683,18.47,52.1,1013.7,3.281,1488,0.486
684,14.19,55.8,1010.2,3.318,1350,0.594
685,20.02,51.8,1015.1,3.303,1318,10.776
686,26.91,40.8,1017.7,3.274,1637,0.604
687,25.55,46.2,1017.8,3.294,1337,0.272
688,19.63,48.3,1011.0,3.249,1447,0.463
689,24.16,47.6,1013.1,3.301,1609,0.253
690,26.03,45.7,1017.5,3.197,1232,0.453
691,17.87,49.4,1012.1,3.306,1533,0.284
692,18.85,55.5,1012.6,3.351,1458,0.426
693,21.93,43.5,1013.9,3.334,1433,0.514
694,16.45,57.7,1011.0,3.332,1482,0.276
695,14.03,64.6,1011.2,3.283,1309,0.158
696,12.38,62.2,1010.1,3.318,1186,0.395
697,17.86,56.6,1012.0,3.284,1675,0.499
698,14.18,59.0,1011.9,3.296,1416,0.455
699,22.3,49.8,1013.2,3.295,1556,0.285
700,15.4,62.1,1013.3,3.17,1582,0.545
701,25.55,42.6,1013.6,3.335,1484,0.377
702,26.06,44.9,1018.7,3.317,1504,0.535
703,8.87,67.6,1008.1,3.332,1535,0.288
704,24.64,49.0,1016.1,3.263,1637,0.486
705,15.45,54.2,1012.9,3.326,1508,0.596
706,25.4,44.1,1016.0,3.318,1600,0.321
707,20.03,49.2,1014.9,3.213,1415,0.377
708,17.06,57.6,1012.5,3.231,1400,0.513
709,20.4,53.1,1012.2,3.301,1460,0.498
710,13.2,61.5,1011.9,3.274,1498,0.473
711,19.3,56.8,1015.0,3.299,1514,0.402
712,18.39,49.4,1013.0,3.275,1681,0.186
713,17.34,55.7,1010.4,3.357,1550,0.419
714,20.63,49.3,1013.0,3.226,1458,0.227
715,9.05,64.4,1010.8,3.247,1686,0.432
716,19.48,51.2,1014.5,3.262,1489,0.07
717,10.82,65.5,1011.2,3.247,1493,0.634
718,21.27,46.6,1015.0,3.277,1509,0.703
719,20.33,51.4,1014.5,3.298,1411,0.485
720,21.94,48.2,1012.0,3.248,1321,0.293
721,14.96,62.3,1014.2,3.313,1466,0.374
722,35.6,28.8,1020.1,3.35,1413,0.551
723,17.7,61.1,1013.3,3.341,1348,0.517
724,18.46,55.0,1012.7,3.377,1464,0.315
725,13.95,56.4,1010.8,3.343,1427,0.598
726,24.45,42.8,1016.3,3.298,1380,0.527
727,14.79,55.2,1013.6,3.368,1239,0.498
728,22.29,50.0,1017.0,3.327,1430,0.366
729,13.32,68.1,1011.3,3.372,1659,0.418
730,21.24,52.8,1016.0,3.292,1556,0.313
731,15.92,60.1,1011.5,3.218,1579,0.446
732,21.88,43.1,1015.7,3.254,1448,0.32
733,15.87,51.1,1011.6,3.306,1576,0.593
734,12.72,61.2,1012.4,3.321,1370,0.424
735,20.36,50.9,1013.9,3.292,1396,0.45
736,11.7,61.1,1011.2,3.338,1512,0.467
737,12.94,64.0,1012.7,3.255,1281,0.466
738,19.9,49.9,1012.1,3.272,1457,0.206
739,8.08,73.5,1011.1,3.338,1486,0.609
740,21.58,53.8,1015.0,3.302,1651,0.433
741,153.56,61.4,1011.5,3.303,1367,0.336
742,13.58,62.2,1008.3,3.354,1500,0.274
743,18.84,53.7,1013.1,3.342,1373,0.317
744,20.17,51.9,1011.5,3.269,1386,0.327
745,13.29,57.2,1011.6,3.307,1130,0.42
746,16.72,61.0,1012.2,3.234,1339,0.29
747,22.96,51.4,1017.0,3.299,1587,0.434
748,23.17,48.3,1014.2,3.315,1512,0.439
749,17.27,53.9,1014.1,3.233,1469,0.315
750,12.95,73.7,1012.5,3.36,1743,0.746
751,13.63,66.1,1013.2,3.377,1515,0.4
752,13.96,63.4,1011.2,3.319,1304,0.467
753,22.74,55.1,1015.4,3.335,1426,0.434
754,21.19,53.5,1012.4,3.358,1444,0.393
755,19.64,53.4,1012.2,3.293,1641,0.517
756,25.44,45.7,1015.8,3.34,1344,0.622
757,16.27,55.1,1012.1,3.315,1501,0.406
758,15.21,60.8,1010.5,3.241,1566,0.289
759,15.02,53.9,1011.5,3.265,1354,0.498
760,28.48,40.4,1018.3,3.278,1461,0.096
761,5.57,74.6,1007.5,3.341,1212,0.439
762,19.65,48.1,1013.4,3.304,1462,0.388
763,20.36,57.4,1012.9,3.338,1189,0.464
764,17.91,51.3,1014.7,3.282,1405,0.191
765,30.85,38.7,1020.6,3.251,1655,0.351
766,24.24,43.7,1015.9,3.38,1499,0.263
767,23.55,49.7,1014.6,3.405,1457,0.335
768,12.7,60.9,1012.8,3.315,1469,0.502
769,20.14,58.7,1014.7,3.292,1706,0.385
770,15.46,61.6,1011.2,3.346,1516,0.325
771,18.59,60.5,1011.4,3.257,1574,0.59
772,18.79,56.0,1012.7,3.292,1399,0.415
773,14.97,61.5,1014.5,3.245,1399,0.113
774,21.2,50.4,1013.7,3.319,1327,0.258
775,27.18,40.7,1020.3,3.31,1430,0.474
776,24.0,48.3,1015.4,3.285,1368,0.477
777,19.41,53.9,1013.2,3.275,1568,0.445
778,5.61,71.2,1010.0,3.242,1527,0.45
779,23.14,41.8,1015.2,3.268,1437,0.278
780,21.84,45.2,1015.9,3.347,1386,0.397
781,17.4,58.7,1011.2,3.286,1107,0.235
782,16.05,57.8,1010.3,3.349,1380,0.286
783,22.63,50.7,1013.6,3.267,1487,0.275
784,13.41,61.7,1011.3,3.297,1529,0.285
785,23.29,45.3,1014.0,3.282,1085,0.359
786,11.75,61.6,1008.0,3.29,1166,0.375
787,12.58,60.7,1011.4,3.33,1469,0.29
788,16.74,54.2,1012.8,3.221,1328,0.568
789,9.04,66.7,1009.2,3.329,1425,0.34
790,17.43,58.6,1012.2,3.327,1394,0.635
791,21.63,47.4,1011.4,3.3,1520,0.555
792,11.8,60.0,1011.8,3.303,1230,0.227
793,22.75,49.5,1014.5,3.292,1383,0.538
794,15.03,58.5,1012.3,3.327,1562,0.199
795,21.22,50.2,1016.0,3.302,1475,0.62
796,18.5,61.2,1014.9,3.267,1352,0.454
797,13.96,63.5,1012.1,3.306,1504,0.258
798,14.36,61.4,1011.8,3.337,1484,0.081
799,7.15,72.5,1009.3,3.314,1345,0.345
800,13.74,61.4,1012.5,3.301,1533,0.204
801,13.46,64.6,1011.9,3.308,1531,0.566
802,27.04,39.4,1016.3,3.281,1435,0.219
803,23.53,44.4,1015.9,3.282,1562,0.369
804,10.59,65.3,1010.2,3.228,1312,0.475
805,21.7,53.3,1015.7,3.293,1541,0.404
806,19.89,58.1,1013.8,3.338,1428,0.441
807,14.45,56.5,1013.8,3.285,1339,0.365
808,20.59,54.8,1014.3,3.265,1380,0.508
809,22.7,48.0,1015.9,3.335,1589,0.263
810,14.1,63.3,1011.7,3.306,1385,0.485
811,15.12,56.5,1011.6,3.306,1409,0.223
812,19.38,56.7,1012.2,3.318,1373,0.427
813,11.86,63.1,1010.5,3.327,1357,0.232
814,19.61,52.7,1014.1,3.298,1565,0.371
815,18.1,55.8,1014.4,3.268,1713,0.487
816,14.12,61.4,1011.3,3.367,1609,0.583
817,13.21,60.5,1010.4,3.302,5436,0.134
818,20.45,48.4,1013.1,3.27,1540,0.286
819,23.17,53.0,1016.6,3.307,1410,0.256
820,19.07,51.1,1013.9,3.346,1392,0.579
821,13.28,56.8,1010.4,3.246,1311,0.271
822,22.6,41.8,1015.7,3.35,1621,0.504
823,19.07,45.1,1011.8,3.295,1411,0.323
824,21.43,48.3,1014.5,3.377,1366,0.186
825,24.38,49.5,1015.7,3.326,1375,0.416
826,12.79,57.7,1010.7,3.296,5436,0.231
827,16.43,55.3,1011.2,3.348,1386,0.507
828,13.46,54.5,1012.8,3.349,1453,0.521
829,13.95,65.9,1013.0,3.287,1471,0.596
830,28.71,39.4,1016.1,3.309,1609,0.249
831,23.41,48.2,1015.3,3.28,1304,0.632
832,6.85,74.2,1009.7,3.335,1486,0.542
833,20.48,56.6,1016.8,3.246,1368,0.133
834,14.18,63.0,1011.2,3.293,1400,0.726
835,26.77,43.7,1014.5,3.219,1643,0.648
836,17.62,50.3,1013.2,3.323,1525,0.245
837,16.22,53.4,1015.1,3.215,1405,0.447
838,19.52,48.5,1013.4,3.26,1509,0.2
839,21.03,57.5,1014.2,3.31,1449,0.379
840,16.46,54.3,1015.2,3.287,1583,0.426
841,16.94,57.4,1009.9,3.283,1393,0.49
842,17.89,56.9,1010.0,3.263,1509,0.276
843,19.86,57.1,1015.3,3.282,1426,0.394
844,12.18,62.9,1011.3,3.233,1452,0.26
845,17.54,58.8,1011.3,3.312,1433,0.455
846,16.5,57.1,1013.4,3.331,1377,0.497
847,14.96,58.8,1011.9,3.329,1464,0.409
848,21.73,43.0,1015.0,3.299,1567,0.568
849,9.63,68.8,1009.0,3.347,1379,0.51
850,17.7,55.9,1011.6,3.318,1405,0.453
851,12.83,60.9,1009.9,3.337,1495,0.57
852,20.43,51.2,1014.3,3.315,1362,0.214
853,16.03,59.4,1011.6,3.301,1554,0.393
854,18.19,58.2,1015.2,3.271,1535,0.136
855,21.19,49.8,1014.7,3.2,1179,0.395
856,8.81,69.1,1007.3,3.325,1374,0.329
857,20.79,52.2,1014.6,3.296,1323,0.521
858,13.85,61.5,1013.0,3.376,1549,0.333
859,16.68,59.4,1012.7,3.225,1562,0.303
860,17.18,55.3,1014.1,3.332,1309,0.384
861,22.42,52.1,1014.8,3.264,1370,0.379
862,23.44,46.7,1015.6,3.3,1442,0.474
863,27.33,35.8,1016.0,3.266,5436,0.269
864,18.53,53.5,1014.4,3.313,1536,0.176
865,15.03,62.8,1010.2,3.299,1567,0.162
866,15.61,57.8,1013.4,3.334,1521,0.569
867,21.96,47.7,1012.7,3.306,1580,0.211
868,27.7,40.6,1014.1,3.318,1562,0.329
869,18.82,52.8,1014.4,3.349,1443,0.234
870,14.95,59.4,1011.4,3.32,1400,0.529
871,19.37,53.8,1013.8,3.295,1364,0.315
872,19.18,47.7,1014.1,3.347,1548,0.58
873,18.29,59.5,1013.0,3.296,1557,0.294
874,12.25,63.2,1010.2,3.316,1572,0.442
875,3.97,73.8,1007.3,3.288,1413,0.511
876,15.08,63.9,1012.2,3.275,1405,0.542
877,22.74,47.7,1016.1,3.186,1483,0.221
878,19.09,57.9,1015.9,3.327,1600,0.344
879,6.83,70.1,1006.9,3.256,1494,0.387
880,17.7,60.2,1013.1,3.328,1478,0.127
881,8.1,70.8,1009.4,3.369,1354,0.504
882,28.95,32.1,1017.1,3.25,1504,0.456
883,18.4,55.9,1012.0,3.334,1515,0.474
884,10.5,64.3,1009.5,3.297,1339,0.192
885,22.13,45.3,1016.2,3.318,1659,0.426
886,14.62,61.0,1010.8,3.255,1343,0.464
887,21.77,44.4,1015.1,3.301,1561,0.552
888,17.54,56.8,1012.1,3.306,1427,0.321
889,12.16,64.4,1010.8,3.355,1471,0.499
890,21.6,48.7,1013.7,3.382,1358,0.69
891,9.92,70.8,1008.8,3.312,1385,0.334
892,25.83,44.0,1016.3,3.286,1534,0.338
893,17.59,52.6,1013.2,3.385,1429,0.351
894,10.97,60.8,1012.4,3.296,1411,0.178
895,8.84,70.2,1006.8,3.298,1557,0.345
896,25.59,44.8,1017.4,3.304,1536,0.64
897,26.54,41.1,1018.4,3.318,1471,0.261
898,9.73,62.5,1011.7,3.327,1479,0.37
899,27.18,44.1,1016.4,3.279,1655,0.577
900,18.76,53.9,1012.6,3.296,1432,0.483
901,16.39,56.9,1011.9,3.372,1498,0.433
902,15.76,62.3,1013.2,3.361,1502,0.35
903,16.39,53.6,1012.6,3.317,1286,0.382
904,25.97,43.7,1016.8,3.311,1223,0.401
905,18.11,48.4,1014.1,3.292,1467,0.501
906,7.6,69.7,1007.4,3.34,1554,0.411
907,30.49,39.4,1016.5,3.281,1476,0.539
908,22.35,51.2,1013.5,3.305,1389,0.123
909,12.08,60.4,1008.8,3.283,1374,0.521
910,15.07,60.7,1012.0,3.277,1548,0.321
911,13.21,65.1,1011.3,3.302,1417,0.401
912,18.75,54.4,1016.2,3.301,1262,0.337
913,22.15,59.4,1014.6,3.279,1532,0.495
914,20.03,53.1,1013.6,3.298,1480,0.382
915,14.97,57.4,1013.3,3.303,1497,0.493
916,14.61,63.2,1010.2,3.283,1575,0.281
917,21.94,42.3,1015.4,3.276,1608,0.428
918,153.56,60.8,1014.0,3.295,1518,0.582
919,30.16,39.3,1019.2,3.327,1431,0.565
920,12.97,60.7,1011.6,3.343,1202,0.347
921,23.26,50.4,1014.4,3.308,1487,0.421
922,18.44,56.4,1011.6,3.29,1434,0.345
923,14.77,67.5,1011.0,3.299,1608,0.382
924,24.47,41.8,1015.4,3.373,1603,0.403
925,18.89,50.1,1014.1,3.335,1508,0.58
926,12.56,56.4,1010.7,3.264,1613,0.487
927,15.98,56.9,1012.9,3.299,1443,0.616
928,22.18,41.7,1013.4,3.281,1446,0.628
929,11.86,64.9,1011.3,3.287,1352,0.213
930,25.87,44.8,1015.2,3.237,1415,0.446
931,21.04,48.0,1012.7,3.302,1477,0.334
932,15.36,54.5,1010.7,3.249,1577,0.161
933,24.9,47.4,1015.4,3.278,1365,0.241
934,28.89,39.8,1018.5,3.358,1546,0.326
935,21.26,50.8,1015.3,3.339,1728,0.648
936,18.68,56.6,1012.0,3.268,1293,0.413
937,28.73,35.6,1017.4,3.261,1421,0.373
938,26.38,39.7,1016.4,3.266,1454,0.396
939,12.97,70.6,1008.9,3.229,1570,10.776
940,17.41,56.4,1011.3,3.263,1686,0.426
941,17.04,53.7,1010.0,3.29,1597,0.387
942,16.37,57.8,1011.0,3.261,1447,0.16
943,8.64,66.0,1006.2,3.329,1351,0.322
944,23.1,43.7,1014.1,3.299,1445,0.897
945,18.18,53.2,1012.0,3.28,1447,0.494
946,18.63,54.2,1012.3,3.367,1480,0.386
947,25.87,43.2,1015.3,3.328,1346,0.499
948,14.31,61.5,1013.1,3.303,1632,0.257
949,17.4,50.2,1012.4,3.371,1366,0.414
950,20.27,48.2,1013.9,3.351,1532,0.53
951,15.12,61.2,1012.9,3.274,1477,0.164
952,16.39,54.7,1013.8,3.313,1322,0.292
953,22.77,52.4,1015.6,3.284,1459,0.342
954,18.71,56.1,1012.3,3.246,1454,0.359
955,25.27,39.5,1014.8,3.373,1429,0.325
956,13.87,63.1,1010.3,3.358,1547,0.441
957,18.47,50.3,1012.9,3.252,1395,0.551
958,9.8,68.0,1009.7,3.319,1752,0.452
959,18.2,59.9,1012.6,3.238,1585,0.552
960,14.67,67.6,1012.7,3.342,1343,0.555
961,25.78,43.4,1016.1,3.299,1157,0.313
962,21.97,51.0,1017.0,3.29,1600,0.441
963,19.59,51.7,1015.5,3.349,1481,0.346
964,28.64,42.0,1016.7,3.301,1461,0.498
965,26.49,35.0,1017.4,3.291,1336,0.35
966,22.87,47.8,1011.2,3.336,1281,0.374
967,15.69,61.9,1013.1,3.289,1231,0.651
968,10.14,68.8,1010.1,3.334,1755,0.375
969,18.58,53.0,1013.4,3.301,1641,0.172
970,15.12,60.7,1010.1,3.332,1386,0.419
971,15.29,64.0,1014.6,3.325,1673,0.445
972,17.04,57.8,1012.0,3.331,1232,0.327
973,9.73,68.4,1008.9,3.262,1534,0.412
974,26.95,41.4,1017.9,3.373,1535,0.551
975,11.91,65.2,1010.1,3.295,1349,0.325
976,15.36,64.5,1010.4,3.368,1397,0.374
977,20.7,54.9,1015.1,3.278,1327,0.297
978,9.3,67.5,1007.9,3.29,1456,0.45
979,24.06,44.4,1016.1,3.291,1607,0.383
980,22.69,44.7,1015.4,3.345,1569,0.266
981,15.33,60.8,1013.6,3.284,1500,0.379
982,12.24,65.0,1009.0,3.317,1584,0.67
983,15.42,60.1,1013.4,3.241,1239,0.151
984,8.01,72.3,1009.0,3.282,1691,0.199
985,26.36,44.5,1018.7,3.309,1445,0.451
986,17.71,54.3,1012.3,3.297,1294,0.198
987,14.1,58.2,1013.5,3.229,1405,0.688
988,13.75,60.9,1011.7,3.32,1373,0.183
989,20.98,50.6,1015.3,3.264,1462,0.21
990,26.3,43.6,1015.7,3.375,1488,0.326
991,9.91,64.8,1010.7,3.293,1173,0.56
992,15.39,58.7,1012.5,3.388,1601,0.519
993,9.56,74.3,1007.8,3.326,1656,0.485
994,20.77,47.9,1013.2,3.318,1327,0.445
995,19.49,54.5,1012.4,3.282,1626,0.593
996,31.52,34.9,1020.1,3.296,1600,0.135
997,16.88,53.5,1012.9,3.318,1571,0.443
998,15.25,54.2,1013.1,3.226,1645,0.612
999,13.17,59.5,1011.7,3.339,1285,0.246
1000,22.24,45.3,1015.2,3.256,1537,0.449
1001,8.9,71.6,1009.4,3.291,1330,0.581
1002,22.78,45.2,1014.3,3.196,1733,0.585
1003,19.5,51.8,1015.1,3.318,1335,0.382
1004,15.81,61.4,1012.0,3.33,1304,0.675
1005,13.05,62.5,1011.1,3.312,1584,0.476
1006,23.09,47.7,1013.8,3.313,1525,0.559
1007,29.72,41.8,1017.8,3.286,1454,0.245
1008,16.4,53.8,1011.1,3.307,1467,0.292
1009,20.47,49.3,1013.6,3.347,1524,0.291
1010,29.3,37.3,1018.4,3.284,1657,0.661
1011,14.85,64.6,1010.2,3.32,1365,0.061
1012,16.69,56.9,1012.2,3.329,1383,0.133
1013,12.57,67.1,1010.9,3.292,1381,0.519
1014,15.23,61.6,1014.1,3.31,1442,0.424
1015,16.3,54.7,1012.2,3.309,1452,0.031
1016,16.19,58.9,1012.4,3.282,1297,0.344
1017,13.62,62.7,1011.6,3.395,1487,0.357
1018,8.27,67.8,1007.9,3.284,1299,0.579
1019,11.54,70.5,1007.2,3.367,1413,0.122
1020,12.83,66.0,1008.3,3.342,1421,0.325
1021,20.67,52.7,1015.3,3.222,1421,0.558
1022,14.6,59.6,1011.9,3.31,1628,0.514
1023,13.83,61.4,1009.3,3.341,1646,0.268
1024,23.15,48.4,1013.8,3.332,1579,0.36
1025,19.66,49.2,1013.8,3.266,1640,0.187
1026,13.91,56.5,1010.8,3.311,1416,0.602
1027,14.15,61.6,1011.5,3.254,1619,0.34
1028,20.42,52.0,1017.3,3.261,1444,0.588
1029,19.97,52.0,1012.9,3.291,1478,0.519
1030,12.0,60.8,1011.2,3.308,1483,0.273
1031,18.97,53.2,1012.6,3.363,1290,0.381
1032,19.12,56.1,1012.2,3.315,1377,0.497
1033,24.78,46.6,1014.6,3.342,1431,0.467
1034,13.68,68.0,1010.7,3.254,1494,0.625
1035,23.53,44.9,1014.4,3.256,1435,0.566
1036,20.77,52.5,1014.5,3.282,1348,0.45
1037,13.02,65.9,1010.9,3.369,1311,0.504
1038,23.14,46.3,1014.4,3.249,1451,0.3
1039,22.94,46.6,1017.5,3.239,1308,0.316
1040,11.15,63.3,1008.4,3.298,1309,0.491
1041,28.79,36.3,1018.2,3.347,1438,0.452
1042,11.13,67.1,1012.9,3.237,1471,0.242
1043,13.71,67.4,1009.9,3.291,1351,0.392
1044,17.38,55.9,1013.9,3.248,1237,0.287
1045,21.96,49.9,1016.6,3.357,1484,0.323
1046,20.73,51.7,1014.8,3.327,1548,0.592
1047,17.94,59.0,1010.5,3.311,1401,0.266
1048,26.07,44.1,1018.0,3.299,1405,0.308
1049,19.82,53.0,1014.1,3.291,1171,0.486
1050,26.49,45.8,1015.7,3.306,1558,0.415
1051,34.62,27.3,1021.3,3.275,1319,0.428
1052,19.2,53.6,1012.6,3.266,1536,0.194
1053,5.55,71.9,1008.1,3.257,1379,0.4
1054,16.49,53.0,1011.2,3.301,1433,0.35
1055,12.49,61.9,1011.1,3.27,1428,0.286
1056,19.36,49.6,1011.9,3.335,1234,0.322
1057,20.9,55.8,1012.7,3.219,1780,0.362
1058,11.83,68.7,1008.9,3.323,1262,0.526
1059,10.83,64.1,1009.4,3.321,1463,0.678
1060,16.76,57.0,1012.6,3.348,1353,0.421
1061,16.96,56.1,1012.3,3.291,1422,0.62
1062,153.56,76.8,1007.0,3.242,1615,0.421
1063,23.85,47.1,1016.9,3.265,1226,0.189
1064,18.41,55.9,1012.9,3.345,1433,0.413
1065,17.93,53.8,1010.7,3.289,1509,0.591
1066,19.37,50.2,1013.4,3.284,1464,0.608
1067,12.77,62.4,1010.6,3.278,1498,0.277
1068,16.49,58.0,1014.1,3.298,1360,0.73
1069,24.68,44.8,1016.8,3.292,1253,0.298
1070,24.27,50.2,1016.8,3.24,1293,0.299
1071,20.92,50.4,1013.8,3.277,1401,0.329
1072,14.56,61.7,1013.1,3.34,1539,0.616
1073,14.59,58.6,1009.2,3.357,1460,0.464
1074,24.33,41.5,1017.8,3.296,1642,0.538
1075,153.56,52.0,1014.8,3.28,1462,0.083
1076,16.08,60.3,1012.6,3.353,1473,0.398
1077,4.95,73.5,1007.3,3.294,1474,0.389
1078,12.66,68.9,1011.0,3.255,1242,0.507
1079,5.07,72.2,1007.5,3.296,1519,0.338
1080,24.95,45.1,1016.7,3.327,1317,0.579
1081,19.3,51.7,1011.8,3.361,1404,0.306
1082,14.22,66.6,1012.4,3.281,1731,0.203
1083,16.2,60.1,1013.0,3.321,1302,0.168
1084,33.36,33.6,1021.8,3.288,1464,0.59
1085,25.48,39.5,1015.9,3.345,1485,0.516
1086,9.65,68.0,1009.6,3.31,1465,0.293
1087,16.68,54.8,1012.9,3.311,1450,0.566
1088,12.37,67.1,1010.0,3.262,1383,0.381
1089,7.28,73.0,1008.7,3.288,1689,0.389
1090,20.02,51.3,1012.1,3.288,1209,0.194
1091,32.24,34.5,1017.5,3.16,1327,0.327
1092,28.34,44.0,1016.1,3.334,1628,0.422
1093,153.56,55.2,1012.7,3.3,1516,0.436
1094,16.23,57.4,1010.6,3.292,1358,0.325
1095,19.48,50.1,1012.1,3.286,1342,0.551
1096,23.93,44.0,1015.2,3.301,1420,0.615
1097,9.69,64.2,1010.3,3.31,1767,0.289
1098,6.44,74.6,1008.2,3.25,1509,0.465
1099,29.04,38.8,1018.4,3.305,1326,0.186
1100,19.37,49.0,1014.9,3.305,1479,0.467
1101,28.09,40.9,1017.9,3.301,1375,0.267
1102,19.36,49.1,1013.1,3.243,1630,0.384
1103,25.65,32.1,1016.1,3.295,1485,0.432
1104,14.14,64.1,1009.2,3.25,1601,0.372
1105,20.89,54.2,1013.4,3.314,1469,0.559
1106,26.49,36.9,1017.4,3.352,1695,0.294
1107,25.11,43.9,1014.2,3.334,1499,0.339
1108,15.63,59.8,1013.5,3.287,1484,0.454
1109,23.98,46.0,1017.0,3.279,1328,0.402
1110,13.51,58.4,1010.9,3.278,1399,0.444
1111,9.29,66.2,1010.6,3.314,1497,0.377
1112,21.92,49.7,1012.6,3.274,1390,0.29
1113,25.2,41.0,1015.2,3.279,1749,0.504
1114,23.36,48.2,1014.6,3.203,1449,0.419
1115,10.65,65.6,1009.9,3.267,1359,0.538
1116,22.8,45.1,1014.9,3.27,1569,0.601
1117,22.13,49.1,1013.6,3.279,1386,0.356
1118,14.46,54.2,1014.3,3.348,1499,0.3
1119,3.46,81.6,1007.2,3.248,1439,0.342
1120,23.11,40.8,1015.9,3.249,1364,0.314
1121,22.3,46.9,1016.0,3.324,1617,0.12
1122,22.09,51.7,1014.4,3.262,1461,0.645
1123,7.2,71.8,1008.4,3.294,1581,0.467
1124,7.52,69.2,1008.6,3.307,1409,0.745
1125,24.82,49.9,1013.5,3.301,1279,0.327
1126,22.2,44.5,1016.8,3.27,1301,0.494
1127,18.21,50.5,1013.1,3.336,1388,0.448
1128,16.52,57.7,1010.4,3.359,1428,0.398
1129,21.11,50.1,1013.0,3.261,1457,0.55
1130,15.09,58.1,1009.7,3.29,1512,0.409
1131,17.53,61.7,1014.7,3.337,1301,0.397
1132,12.77,60.7,1011.3,3.292,1478,0.432
1133,20.04,51.3,1015.4,3.261,1304,0.085
1134,14.75,58.0,1013.7,3.284,1368,0.304
1135,23.84,45.9,1016.1,3.333,1758,0.302
1136,23.53,49.1,1015.5,3.262,1603,0.647
1137,13.59,61.7,1010.1,3.31,1406,0.493
1138,29.12,39.8,1017.5,3.315,1665,0.522
1139,9.79,65.5,1009.5,3.275,1620,0.499
1140,20.43,52.5,1014.2,3.322,1557,0.381
1141,23.49,49.5,1014.8,3.326,1626,0.647
1142,26.3,41.1,1017.7,3.339,1420,0.378
1143,4.27,79.8,1008.4,3.336,1435,0.204
1144,24.3,44.8,1015.4,3.242,1347,0.5
1145,24.54,46.1,1014.0,3.335,5436,0.579
1146,28.12,42.7,1017.4,3.323,1300,0.424
1147,3.81,74.1,1008.5,3.338,1390,0.461
1148,14.1,55.3,1011.2,3.267,1505,0.547
1149,19.52,60.8,1011.2,3.335,1389,0.63
1150,15.54,56.8,1012.4,3.315,1492,0.493
1151,25.37,40.7,1017.6,3.255,1669,0.652
1152,14.46,64.4,1009.0,3.35,1332,0.451
1153,26.17,44.3,1016.8,3.27,1618,0.712
1154,22.08,55.7,1012.2,3.261,1368,0.21
1155,7.78,73.2,1009.5,3.316,1338,0.546
1156,12.27,66.1,1012.7,3.277,1477,0.451
1157,13.55,60.0,1011.9,3.314,1573,0.426
1158,20.11,56.5,1013.8,3.291,1364,0.224
1159,24.05,42.2,1015.1,3.311,1363,0.564
1160,16.58,57.2,1012.5,3.332,1397,0.381
1161,24.02,47.3,1018.1,3.299,1364,0.266
1162,8.98,67.8,1010.7,3.334,1473,0.318
1163,-1.18,83.3,1005.0,3.333,1365,0.376
1164,17.3,53.7,1011.7,3.268,1419,0.424
1165,20.6,53.6,1014.2,3.334,1492,0.278
1166,14.48,62.2,1014.8,3.324,1400,0.276
1167,13.09,60.3,1010.7,3.306,1588,0.469
1168,21.78,51.7,1015.4,3.344,1369,0.399
1169,30.63,42.3,1017.4,3.365,1357,0.693
1170,17.85,57.2,1011.2,3.33,1695,0.348
1171,12.98,58.5,1012.8,3.243,1631,0.517
1172,13.71,59.7,1010.8,3.318,1459,0.661
1173,31.3,39.9,1017.0,3.295,1550,0.38
1174,18.44,60.9,1012.1,3.29,1491,0.552
1175,22.98,46.3,1013.7,3.314,1389,0.453
1176,24.75,44.2,1015.3,3.288,1531,0.417
1177,25.31,43.1,1013.8,3.364,1487,10.776
1178,13.25,62.5,1012.2,3.311,1604,0.266
1179,22.6,47.4,1015.9,3.301,1229,0.322
1180,21.82,47.3,1016.3,3.331,1547,0.154
1181,20.41,48.6,1013.8,3.332,1470,0.392
1182,24.16,52.3,1015.9,3.346,1368,0.551
1183,15.03,59.6,1011.8,3.325,1399,0.373
1184,17.42,55.2,1014.2,3.299,1401,0.528
1185,14.84,63.1,1012.7,3.306,1291,0.3
1186,22.5,48.3,1015.3,3.217,1381,0.574
1187,14.19,60.3,1010.6,3.244,1544,0.393
1188,20.86,54.3,1012.5,3.341,1268,0.34
1189,11.87,61.8,1009.3,3.288,1405,0.646
1190,17.27,58.4,1011.9,3.371,1166,0.408
1191,16.08,61.4,1011.4,3.37,1381,0.492
1192,17.0,58.1,1011.2,3.252,1497,0.427
1193,19.47,53.3,1015.4,3.313,1444,0.511
1194,16.54,56.7,1012.9,3.413,1455,0.427
1195,18.03,51.9,1010.0,3.27,1316,0.236
1196,5.6,73.3,1006.5,3.316,1518,0.45
1197,24.89,46.0,1014.1,3.292,1342,0.478
1198,13.7,63.2,1011.7,3.291,1559,0.465
1199,16.3,57.7,1013.7,3.29,1475,0.376
1200,13.21,61.3,1009.7,3.3,1404,0.67
1201,24.05,43.6,1016.3,3.33,1628,0.304
1202,12.12,63.1,1010.4,3.269,1403,0.427
1203,20.15,50.9,1015.7,3.32,1573,0.439
1204,25.14,48.1,1017.6,3.273,1463,0.253
1205,28.04,40.3,1017.5,3.321,1450,0.237
1206,25.61,42.9,1016.8,3.313,1570,0.505
1207,22.75,49.2,1014.5,3.271,1503,0.506
1208,10.61,64.4,1009.6,3.306,1449,0.429
1209,24.2,42.7,1014.8,3.272,1436,0.178
1210,25.06,37.8,1016.4,3.268,1475,0.367
1211,21.61,42.8,1015.0,3.346,1460,0.444
1212,21.85,44.3,1014.5,3.23,1411,0.498
1213,19.34,55.7,1013.1,3.322,1326,0.58
1214,15.43,59.4,1011.5,3.328,1139,0.474
1215,24.03,45.7,1014.4,3.278,1437,0.548
1216,25.19,47.0,1015.5,3.343,1421,0.648
1217,11.78,61.2,1011.8,3.336,1596,0.073
1218,22.16,50.2,1015.0,3.25,1504,0.552
1219,19.94,53.9,1015.3,3.321,1587,0.346
1220,23.12,44.9,1013.8,3.319,1658,0.478
1221,21.2,56.9,1012.1,3.272,1437,0.439
1222,23.9,40.8,1015.9,3.323,1349,0.262
1223,25.03,42.4,1016.5,3.33,1548,0.279
1224,22.87,46.4,1014.4,3.273,1379,0.471
1225,10.67,68.5,1010.4,3.223,1420,0.383
1226,22.26,47.0,1016.2,3.316,1623,0.514
1227,19.0,48.2,1014.5,3.272,1516,0.353
1228,11.04,64.2,1010.1,3.234,1582,0.717
1229,21.69,48.3,1014.7,3.286,1288,0.372
1230,9.83,74.7,1007.6,3.208,1454,0.707
1231,23.86,51.0,1015.3,3.288,1584,0.299
1232,28.57,40.1,1017.6,3.359,1296,0.489
1233,16.39,56.2,1013.5,3.19,1474,0.57
1234,24.29,47.7,1013.8,3.318,1499,0.22
1235,18.74,47.4,1013.1,3.265,1174,0.269
1236,21.71,49.7,1013.4,3.285,1642,0.467
1237,8.5,68.1,1010.8,3.265,1365,0.573
1238,21.49,48.2,1011.5,3.325,1434,0.605
1239,19.46,54.4,1012.1,3.3,1652,0.488
1240,21.51,47.3,1017.4,3.27,1236,0.559
1241,17.28,53.1,1013.9,3.25,1506,0.241
1242,24.82,49.6,1014.2,3.284,5436,0.347
1243,19.58,54.1,1013.7,3.345,1456,0.616
1244,23.49,47.9,1015.8,3.254,1352,0.329
1245,26.59,40.3,1017.1,3.317,1614,0.373
1246,19.7,53.7,1013.2,3.314,1316,0.158
1247,25.5,47.6,1014.6,3.223,1494,0.381
1248,19.15,55.3,1014.6,3.344,1515,0.179
1249,21.3,54.5,1014.4,3.299,1439,0.46
1250,14.28,60.9,1012.7,3.387,1418,0.619
1251,23.02,44.6,1015.5,3.368,1419,0.453
1252,26.32,49.9,1015.5,3.291,1573,0.432
1253,18.82,59.0,1014.6,3.295,1505,0.35
1254,22.9,50.2,1014.4,3.262,1441,0.487
1255,20.2,54.9,1014.7,3.247,1319,0.248
1256,11.05,60.2,1009.6,3.332,1469,10.776
1257,19.21,50.5,1013.7,3.291,1514,0.718
1258,26.14,41.5,1016.0,3.285,1447,0.22
1259,16.44,62.6,1011.1,3.294,1623,0.326
1260,5.79,67.1,1009.0,3.327,1221,0.207
1261,17.71,52.0,1015.2,3.337,1750,0.584
1262,15.55,65.0,1013.7,3.301,1428,0.373
1263,28.19,39.8,1019.5,3.293,1314,0.224
1264,18.26,54.0,1012.8,3.305,1241,0.227
1265,17.21,60.4,1014.8,3.382,1555,0.566
1266,15.15,56.4,1012.0,3.22,1519,0.504
1267,20.35,53.9,1015.9,3.256,1424,0.521
1268,15.05,59.1,1010.2,3.319,1445,0.398
1269,13.58,64.2,1012.7,3.306,1471,0.536
1270,17.92,54.5,1012.2,3.349,1400,0.595
1271,13.92,59.4,1012.5,3.352,1589,0.502
1272,27.5,43.7,1015.8,3.378,1526,0.176
1273,12.25,61.2,1011.3,3.27,1436,0.123
1274,17.3,56.9,1012.6,3.325,1254,0.196
1275,13.56,59.9,1009.1,3.292,1615,0.444
1276,9.93,69.7,1008.5,3.339,1393,0.19
1277,27.88,38.7,1016.9,3.308,1326,0.25
1278,5.93,71.3,1008.0,3.335,1605,0.41
1279,26.35,43.0,1013.9,3.272,1510,0.279
1280,10.46,70.9,1008.2,3.307,1209,0.221
1281,18.82,47.8,1012.4,3.281,1251,0.543
1282,31.88,35.1,1018.4,3.291,1403,0.475
1283,5.74,75.4,1008.1,3.283,1300,0.518
1284,10.67,62.6,1008.7,3.261,1432,0.537
1285,25.03,40.5,1014.5,3.345,1765,0.611
1286,20.55,55.1,1013.9,3.312,1808,0.398
1287,15.33,57.1,1011.3,3.344,1446,0.377
1288,18.44,53.1,1014.1,3.262,1547,0.15
1289,13.08,68.3,1010.1,3.224,1558,0.368
1290,19.85,50.8,1014.2,3.276,1437,0.317
1291,27.65,39.0,1015.7,3.295,1274,0.553
1292,16.21,51.2,1012.5,3.332,1580,0.499
1293,18.94,50.2,1013.5,3.342,1430,0.614
1294,24.03,40.5,1016.6,3.349,1505,0.559
1295,30.13,42.2,1016.8,3.361,1536,0.573
1296,14.56,63.5,1011.5,3.33,1354,0.478
1297,19.79,48.3,1012.8,3.305,1654,0.422
1298,16.88,65.5,1011.5,3.271,1460,0.347
1299,12.99,62.7,1012.3,3.328,1478,0.399
1300,15.96,57.7,1015.7,3.281,1399,0.264
1301,15.52,62.7,1011.6,3.269,1536,0.458
1302,8.86,71.1,1009.7,3.324,1573,0.389
1303,7.56,70.0,1008.3,3.31,1384,0.109
1304,12.96,56.0,1012.7,3.335,5436,0.012
1305,18.28,50.9,1014.0,3.273,1399,0.296
1306,25.91,44.0,1017.3,3.347,1303,0.333
1307,14.92,58.3,1012.2,3.315,1412,0.357
1308,18.66,54.0,1015.6,3.294,1524,0.587
1309,22.34,51.8,1016.4,3.271,1518,0.31
1310,22.78,45.0,1012.8,3.259,1581,0.217
1311,17.95,58.4,1013.2,3.247,1370,0.455
1312,17.74,53.8,1013.1,3.356,1415,0.544
1313,29.38,38.5,1015.0,3.245,1460,0.637
1314,15.77,54.3,1011.2,3.326,1526,0.254
1315,15.37,59.0,1011.3,3.291,1437,0.363
1316,8.33,66.7,1008.2,3.278,1337,0.338
1317,21.03,45.7,1014.3,3.282,1265,0.617
1318,15.59,57.0,1010.3,3.297,1593,0.5
1319,28.31,37.7,1018.7,3.337,1580,0.403
1320,16.68,60.1,1013.2,3.323,1371,0.504
1321,23.23,48.4,1015.5,3.301,1629,0.348
1322,22.99,43.5,1015.0,3.247,1444,0.37
1323,27.78,38.4,1017.1,3.231,1506,0.394
1324,9.74,58.9,1009.3,3.374,1603,0.327
1325,29.11,37.6,1018.3,3.261,1394,0.363
1326,17.11,58.4,1013.7,3.239,1358,0.45
1327,19.04,60.1,1015.2,3.345,1243,0.434
1328,15.8,59.7,1011.9,3.242,1488,0.612
1329,16.3,59.1,1013.9,3.33,1506,0.523
1330,16.05,59.5,1011.6,3.338,1556,0.388
1331,4.27,76.7,1007.2,3.311,1524,0.084
1332,22.03,45.1,1013.1,3.339,1464,0.186
1333,19.3,51.6,1013.9,3.246,1590,0.326
1334,12.47,66.6,1010.7,3.253,1328,0.343
1335,17.18,58.8,1013.7,3.293,1499,0.21
1336,33.43,35.2,1020.5,3.301,1514,0.344
1337,21.64,50.4,1014.0,3.298,1437,0.414
1338,16.12,57.0,1012.6,3.319,1660,0.307
1339,28.08,38.0,1018.4,3.272,1505,0.377
1340,13.85,59.0,1011.1,3.217,1614,0.384
1341,17.44,50.4,1012.1,3.317,1560,0.296
1342,15.99,60.0,1012.2,3.292,1430,0.273
1343,16.12,55.4,1013.1,3.333,1685,0.379
1344,22.58,47.6,1015.8,3.383,1586,0.435
1345,21.05,54.7,1015.5,3.304,5436,0.248
1346,15.04,62.9,1010.5,3.324,1438,0.104
1347,18.96,53.8,1013.3,3.266,1327,0.26
1348,18.7,55.7,1014.8,3.337,1434,0.469
1349,16.31,53.8,1011.5,3.314,1423,0.165
1350,19.19,58.1,1013.4,3.311,1477,0.529
1351,13.81,61.8,1010.6,3.337,1401,0.312
1352,13.22,60.6,1011.5,3.256,1521,0.414
1353,19.36,56.0,1015.3,3.323,1442,0.285
1354,12.63,68.1,1010.8,3.319,1262,0.479
1355,20.55,49.7,1012.9,3.363,1391,0.403
1356,18.3,53.5,1013.0,3.23,1344,0.449
1357,13.07,69.1,1011.1,3.297,1298,0.117
1358,13.26,60.1,1012.9,3.387,1421,0.499
1359,15.75,63.4,1010.3,3.285,1562,0.155
1360,17.28,54.1,1011.6,3.284,1317,0.348
1361,20.43,54.9,1013.3,3.371,1211,0.469
1362,17.03,54.7,1010.7,3.399,1433,0.368
1363,153.56,64.2,1012.3,3.305,1812,0.467
1364,26.97,41.4,1014.1,3.273,1381,0.419
1365,23.74,44.8,1014.3,3.278,1485,0.408
1366,17.78,58.4,1011.6,3.285,1403,0.28
1367,23.91,47.4,1014.6,3.268,1556,0.539
1368,19.91,45.8,1014.8,3.269,1626,0.555
1369,17.87,56.3,1013.2,3.308,1433,0.319
1370,20.68,51.3,1014.4,3.302,1595,0.267
1371,32.91,27.8,1020.3,3.32,1322,0.424
1372,23.27,44.3,1013.1,3.302,1477,0.287
1373,23.66,44.2,1016.0,3.253,1299,0.415
1374,15.43,58.3,1009.9,3.33,1475,0.511
1375,21.2,47.1,1013.9,3.31,1378,0.49
1376,31.46,29.5,1018.1,3.278,1481,0.606
1377,21.61,49.4,1013.5,3.29,1317,0.461
1378,23.47,48.0,1016.3,3.313,1480,0.247
1379,24.35,39.7,1015.2,3.304,1466,0.273
1380,20.53,51.0,1016.7,3.296,1384,0.471
1381,28.31,42.3,1017.6,3.331,1356,0.666
1382,20.65,51.4,1015.1,3.343,1310,0.344
1383,19.92,51.3,1015.2,3.288,1405,0.265
1384,13.29,58.0,1012.6,3.3,1501,0.593
1385,33.72,30.5,1019.4,3.257,1437,0.377
1386,20.9,49.0,1016.2,3.294,1471,0.493
1387,19.71,55.2,1012.1,3.319,1605,0.548
1388,26.49,46.7,1017.0,3.335,1414,0.255
1389,15.96,57.0,1011.9,3.307,1488,0.344
1390,18.48,58.4,1012.8,3.297,1553,0.316
1391,13.26,55.2,1011.6,3.273,1515,0.47
1392,19.9,51.9,1012.2,3.309,1499,0.487
1393,15.99,55.1,1013.2,3.258,1462,0.324
1394,20.51,55.1,1015.3,3.306,1685,0.474
1395,17.13,54.1,1012.9,3.302,1444,0.141
1396,13.53,62.3,1012.5,3.265,1406,0.444
1397,16.55,51.2,1011.1,3.314,1524,0.443
1398,18.43,56.1,1010.6,3.292,1650,0.395
1399,14.25,60.9,1011.1,3.324,1623,0.189
1400,24.59,46.5,1015.1,3.282,1457,0.38
1401,23.82,40.8,1017.7,3.32,1553,0.243
1402,19.39,54.0,1013.2,3.362,1513,0.6
1403,10.41,67.5,1011.4,3.308,1462,0.353
1404,20.56,54.2,1015.3,3.332,1532,0.365
1405,10.55,67.1,1012.5,3.276,5436,0.379
1406,18.29,48.1,1013.7,3.287,1470,0.471
1407,17.52,53.7,1014.0,3.227,1661,0.405
1408,14.61,62.6,1011.4,3.295,1408,0.47
1409,13.28,59.5,1010.0,3.256,1621,10.776
1410,14.69,62.5,1010.2,3.305,1706,0.55
1411,29.19,35.5,1017.1,3.22,1708,0.325
1412,18.2,57.3,1014.2,3.267,1486,0.501
1413,17.89,58.8,1012.9,3.304,1431,0.428
1414,24.51,44.3,1015.2,3.316,1261,0.546
1415,20.15,59.7,1014.1,3.236,1446,0.384
1416,25.76,46.0,1015.0,3.284,1747,0.186
1417,10.85,66.5,1010.1,3.401,1264,0.232
1418,13.38,62.0,1010.4,3.332,1267,0.362
1419,38.39,26.0,1021.9,3.307,1554,0.59
1420,17.28,54.3,1014.1,3.193,1528,0.335
1421,16.2,52.9,1010.4,3.265,1233,0.402
1422,20.67,48.8,1013.7,3.321,1446,0.571
1423,24.78,47.0,1017.1,3.31,1494,0.315
1424,11.22,64.8,1009.0,3.318,1271,0.438
1425,20.04,44.4,1013.5,3.338,1569,0.434
1426,18.23,48.6,1013.2,3.304,1293,0.31
1427,21.52,48.0,1016.0,3.334,1589,0.427
1428,19.08,53.0,1014.2,3.23,1478,0.542
1429,14.63,61.2,1011.5,3.399,1369,0.542
1430,12.88,58.6,1011.6,3.289,1259,0.347
1431,4.51,77.7,1008.5,3.275,1412,0.805
1432,23.13,45.3,1015.9,3.359,1442,0.444
1433,10.32,66.0,1011.8,3.324,1437,0.355
1434,15.99,57.8,1012.6,3.339,1382,0.293
1435,28.46,43.3,1015.8,3.276,1428,0.256
1436,16.53,60.1,1011.1,3.312,1558,0.51
1437,22.77,52.1,1014.4,3.328,1343,0.012
1438,17.52,54.5,1012.3,3.256,1428,0.373
1439,22.84,47.9,1015.5,3.292,1508,0.201
1440,18.26,51.0,1013.6,3.291,1450,0.37
1441,15.75,57.5,1013.9,3.289,1557,0.389
1442,25.32,41.9,1017.3,3.273,1640,0.21
1443,16.5,55.7,1014.2,3.251,1410,0.255
1444,11.1,68.5,1008.9,3.317,1479,0.573
1445,16.29,58.9,1011.8,3.31,1099,0.316
1446,21.7,52.4,1015.2,3.346,1411,0.393
1447,10.96,64.8,1010.5,3.298,1533,0.35
1448,23.87,51.2,1015.7,3.274,1318,0.511
1449,22.19,48.5,1015.2,3.244,1613,0.566
1450,30.8,39.3,1017.4,3.304,1226,0.524
1451,14.51,61.8,1013.6,3.288,1615,0.472
1452,22.8,51.2,1016.0,3.379,1390,0.473
1453,8.29,69.0,1007.2,3.39,1330,0.227
1454,15.02,54.7,1011.3,3.362,1394,0.579
1455,17.31,49.5,1013.4,3.265,1420,0.315
1456,20.34,57.1,1014.9,3.246,1330,0.269
1457,16.96,56.4,1012.9,3.291,1286,0.341
1458,18.14,56.9,1011.2,3.265,1389,0.282
1459,15.85,59.6,1012.6,3.356,1566,0.452
1460,13.88,57.2,1011.8,3.305,1501,0.496
1461,18.96,60.7,1015.3,3.285,1614,0.575
1462,21.7,46.6,1014.8,3.3,1379,0.381
1463,22.91,49.0,1015.8,3.35,1409,0.31
1464,24.21,46.0,1016.5,3.263,1412,0.355
1465,25.34,41.1,1017.0,3.319,1469,0.229
1466,8.25,66.5,1008.1,3.249,1508,0.291
1467,15.68,57.2,1013.1,3.292,1664,0.676
1468,18.62,55.1,1012.9,3.275,1537,0.286
1469,15.01,58.9,1010.0,3.313,1472,0.33
1470,23.26,48.2,1015.1,3.306,1615,0.483
1471,22.16,44.8,1014.5,3.347,1358,0.43
1472,17.78,56.9,1013.4,3.327,1294,0.502
1473,18.28,58.1,1014.2,3.277,1532,0.272
1474,25.3,46.5,1014.8,3.249,1472,0.244
1475,15.81,54.4,1013.1,3.268,1466,0.58
1476,15.86,48.6,1012.3,3.284,1564,0.299
1477,24.0,49.5,1014.0,3.291,1412,0.38
1478,20.62,52.2,1015.2,3.271,1438,0.424
1479,25.52,40.8,1015.6,3.343,1498,0.134
1480,19.78,55.4,1012.5,3.337,1530,0.367
1481,22.57,47.1,1015.8,3.29,1570,0.303
1482,16.79,59.8,1012.9,3.281,1466,0.468
1483,13.03,59.8,1010.0,3.291,1484,0.35
1484,19.37,55.8,1014.3,3.299,1160,0.077
1485,3.37,76.4,1007.9,3.299,1599,0.505
1486,18.85,49.7,1013.4,3.237,1263,0.034
1487,24.12,49.6,1017.8,3.283,1446,0.336
1488,17.98,54.8,1013.2,3.227,1757,0.297
1489,15.87,52.2,1012.8,3.302,1412,0.308
1490,23.62,47.5,1012.8,3.327,1261,0.392
1491,19.43,57.6,1013.8,3.259,1646,0.528
1492,22.6,43.8,1014.7,3.307,1385,0.271
1493,30.34,34.7,1018.9,3.276,1432,0.308
1494,23.32,48.7,1012.8,3.273,1432,0.499
1495,24.16,45.9,1016.7,3.377,1540,0.466
1496,19.69,50.9,1016.0,3.335,1545,0.495
1497,19.59,54.5,1016.0,3.319,1436,0.441
1498,19.4,50.9,1010.2,3.283,1585,0.36
1499,18.46,60.4,1014.0,3.316,1343,0.325
1500,25.06,43.3,1016.1,3.293,1533,0.327
