setting_id,shop_id,currency,auto_restock
1,3000,EUR,True
2,3001,GBP,True
3,3002,EUR,True
4,3003,GBP,False
5,3004,USD,True
6,3005,EUR,False
7,3006,EUR,True
8,3007,USD,False
9,3008,EUR,False
10,3009,USD,True
11,3010,GBP,False
12,3011,USD,False
13,3012,USD,True
14,3013,EUR,False
15,3014,EUR,False
16,3015,EUR,True
17,3016,GBP,True
18,3017,GBP,False
19,3018,GBP,False
20,3019,GBP,True
21,3020,USD,False
22,3021,GBP,True
23,3022,GBP,False
24,3023,EUR,True
25,3024,EUR,True
26,3025,GBP,True
27,3026,EUR,True
28,3027,USD,False
29,3028,GBP,True
30,3029,USD,False
31,3030,EUR,False
32,3031,GBP,False
33,3032,EUR,True
34,3033,GBP,False
35,3034,GBP,False
36,3035,GBP,False
37,3036,EUR,False
38,3037,USD,False
39,3038,EUR,False
40,3039,USD,False
41,3040,EUR,True
42,3041,USD,False
43,3042,USD,False
44,3043,GBP,False
45,3044,EUR,False
46,3045,USD,False
47,3046,GBP,False
48,3047,EUR,True
49,3048,EUR,False
50,3049,GBP,False
51,3050,GBP,False
52,3051,GBP,False
53,3052,EUR,True
54,3053,EUR,True
55,3054,EUR,True
56,3055,EUR,True
57,3056,GBP,True
58,3057,EUR,True
59,3058,GBP,True
60,3059,GBP,False
61,3060,EUR,False
62,3061,EUR,True
63,3062,USD,False
64,3063,EUR,True
65,3064,GBP,True
66,3065,USD,False
67,3066,EUR,False
68,3067,EUR,True
69,3068,EUR,True
70,3069,GBP,True
71,3070,GBP,True
72,3071,USD,True
73,3072,GBP,True
74,3073,GBP,True
75,3074,USD,True
76,3075,EUR,True
77,3076,USD,False
78,3077,EUR,False
79,3078,EUR,True
80,3079,EUR,False
81,3080,GBP,True
82,3081,GBP,True
83,3082,EUR,False
84,3083,GBP,True
85,3084,EUR,False
86,3085,GBP,False
87,3086,GBP,False
88,3087,EUR,True
89,3088,GBP,False
90,3089,EUR,True
91,3090,USD,False
92,3091,EUR,False
93,3092,USD,True
94,3093,EUR,False
95,3094,GBP,False
96,3095,EUR,True
97,3096,EUR,False
98,3097,USD,False
99,3098,GBP,False
100,3099,EUR,True
101,3100,EUR,True
102,3101,EUR,False
103,3102,EUR,True
104,3103,EUR,True
105,3104,EUR,True
106,3105,EUR,True
107,3106,EUR,True
108,3107,USD,False
109,3108,EUR,False
110,3109,USD,True
111,3110,GBP,False
112,3111,GBP,True
113,3112,GBP,False
114,3113,EUR,False
115,3114,GBP,False
116,3115,USD,False
117,3116,USD,False
118,3117,GBP,True
119,3118,GBP,False
120,3119,EUR,True
